Customer_ID,Name,Age,Gender,City,Area,Latitude,Longitude,Customer_Type,Preferred_Product,Purchase_Amount,Visits_Per_Month,Competitor_Nearby
CUST00001,Customer_1,47,Female,Mumbai,Andheri,19.08887,72.832276,New,Fitness,1661,4,No
CUST00002,Customer_2,21,Male,Hyderabad,Bandra,17.366075,78.459954,New,Groceries,1845,4,Yes
CUST00003,Customer_3,35,Male,Mumbai,Whitefield,19.118904,72.85705,New,Furniture,1809,4,Yes
CUST00004,Customer_4,57,Male,Hyderabad,Andheri,17.409909,78.58721,New,Furniture,225,3,No
CUST00005,Customer_5,23,Female,Chennai,Andheri,13.145843,80.248739,VIP,Fitness,6332,12,No
CUST00006,Customer_6,49,Female,Delhi,Whitefield,28.686778,77.125266,Returning,Furniture,1076,4,No
CUST00007,Customer_7,24,Female,Bangalore,Hinjewadi,12.888167,77.551496,Returning,Fitness,3433,5,Yes
CUST00008,Customer_8,52,Female,Pune,Thane,18.545046,73.850484,New,Books,1950,1,No
CUST00009,Customer_9,43,Male,Delhi,Whitefield,28.800857,77.071578,VIP,Clothing,7835,14,No
CUST00010,Customer_10,60,Male,Delhi,Thane,28.651758,77.058019,New,Electronics,206,2,No
CUST00011,Customer_11,21,Male,Pune,Andheri,18.521102,73.848659,Returning,Furniture,3687,10,Yes
CUST00012,Customer_12,18,Male,Hyderabad,Powai,17.496518,78.466744,New,Furniture,549,4,No
CUST00013,Customer_13,38,Female,Pune,Dadar,18.523122,73.900909,New,Fitness,316,4,Yes
CUST00014,Customer_14,59,Male,Chennai,Hinjewadi,13.077301,80.29848,New,Books,584,3,No
CUST00015,Customer_15,37,Female,Pune,Hinjewadi,18.540145,73.89856,New,Clothing,120,2,No
CUST00016,Customer_16,57,Male,Hyderabad,Andheri,17.314606,78.527092,Returning,Books,4052,4,Yes
CUST00017,Customer_17,21,Female,Chennai,Dadar,13.075786,80.280059,Returning,Groceries,2395,12,No
CUST00018,Customer_18,25,Female,Bangalore,Borivali,12.952267,77.677552,New,Clothing,800,3,No
CUST00019,Customer_19,47,Male,Mumbai,Borivali,18.973647,72.947666,Returning,Clothing,4165,6,No
CUST00020,Customer_20,26,Male,Pune,Powai,18.48645,73.933149,Returning,Electronics,4818,5,Yes
CUST00021,Customer_21,42,Male,Chennai,Thane,13.143761,80.321449,VIP,Furniture,7868,23,No
CUST00022,Customer_22,54,Female,Pune,Andheri,18.561806,73.970015,New,Groceries,992,3,No
CUST00023,Customer_23,48,Male,Chennai,Thane,13.052952,80.241637,New,Furniture,1064,1,Yes
CUST00024,Customer_24,40,Male,Bangalore,Bandra,12.938805,77.640857,Returning,Clothing,4955,5,No
CUST00025,Customer_25,38,Male,Mumbai,Whitefield,19.011042,72.928258,New,Groceries,1239,1,Yes
CUST00026,Customer_26,33,Male,Mumbai,Whitefield,19.061578,72.824314,Returning,Furniture,2294,6,Yes
CUST00027,Customer_27,43,Male,Mumbai,Dadar,19.02212,72.837861,New,Books,247,2,No
CUST00028,Customer_28,55,Male,Bangalore,Hinjewadi,12.897298,77.620306,Returning,Groceries,3828,10,No
CUST00029,Customer_29,25,Male,Mumbai,Hinjewadi,19.11859,72.925634,Returning,Furniture,1766,12,No
CUST00030,Customer_30,32,Female,Mumbai,Andheri,19.044676,72.893097,New,Electronics,1388,5,No
CUST00031,Customer_31,59,Male,Delhi,Whitefield,28.70436,77.137077,New,Furniture,276,5,Yes
CUST00032,Customer_32,55,Female,Pune,Borivali,18.542643,73.861214,Returning,Clothing,4025,3,No
CUST00033,Customer_33,19,Female,Hyderabad,Thane,17.292083,78.478371,New,Clothing,1581,5,No
CUST00034,Customer_34,38,Male,Mumbai,Borivali,19.081544,72.842961,New,Furniture,728,4,Yes
CUST00035,Customer_35,49,Female,Hyderabad,Dadar,17.371541,78.421739,New,Furniture,777,4,No
CUST00036,Customer_36,49,Female,Bangalore,Bandra,12.955545,77.619893,New,Clothing,455,5,No
CUST00037,Customer_37,34,Female,Delhi,Whitefield,28.808553,77.051865,New,Furniture,1366,4,Yes
CUST00038,Customer_38,27,Female,Chennai,Whitefield,13.081501,80.222627,Returning,Fitness,2882,12,Yes
CUST00039,Customer_39,29,Male,Delhi,Thane,28.699472,77.091313,VIP,Books,4484,24,Yes
CUST00040,Customer_40,23,Female,Mumbai,Thane,19.117645,72.926406,New,Electronics,1627,2,No
CUST00041,Customer_41,51,Female,Hyderabad,Bandra,17.393141,78.480975,VIP,Clothing,5124,12,No
CUST00042,Customer_42,26,Female,Chennai,Whitefield,13.142023,80.27969,New,Clothing,265,1,No
CUST00043,Customer_43,38,Male,Delhi,Dadar,28.779922,77.020798,New,Electronics,407,5,Yes
CUST00044,Customer_44,39,Female,Chennai,Dadar,13.171799,80.239814,New,Electronics,1587,4,Yes
CUST00045,Customer_45,38,Male,Bangalore,Hinjewadi,12.91728,77.592362,Returning,Furniture,3582,6,No
CUST00046,Customer_46,20,Male,Delhi,Thane,28.645915,77.130947,VIP,Clothing,7704,20,Yes
CUST00047,Customer_47,20,Female,Delhi,Whitefield,28.680968,77.116868,New,Furniture,1296,5,Yes
CUST00048,Customer_48,33,Male,Chennai,Thane,13.033833,80.259578,New,Furniture,218,3,No
CUST00049,Customer_49,60,Female,Mumbai,Bandra,19.080847,72.868281,Returning,Groceries,4469,11,No
CUST00050,Customer_50,31,Male,Pune,Whitefield,18.59998,73.885991,Returning,Clothing,3924,4,Yes
CUST00051,Customer_51,40,Male,Bangalore,Andheri,12.981784,77.501774,New,Groceries,1739,5,Yes
CUST00052,Customer_52,29,Female,Chennai,Andheri,13.101609,80.332507,New,Furniture,768,2,No
CUST00053,Customer_53,35,Male,Chennai,Borivali,13.048201,80.260782,Returning,Electronics,559,11,No
CUST00054,Customer_54,24,Female,Bangalore,Thane,12.820313,77.532319,Returning,Clothing,3454,12,Yes
CUST00055,Customer_55,19,Female,Delhi,Andheri,28.599898,77.107706,Returning,Furniture,4122,3,No
CUST00056,Customer_56,50,Male,Mumbai,Dadar,19.068488,72.872409,Returning,Fitness,761,9,No
CUST00057,Customer_57,29,Female,Hyderabad,Thane,17.363152,78.537657,New,Books,460,3,No
CUST00058,Customer_58,18,Female,Delhi,Bandra,28.64246,77.098794,Returning,Books,3533,4,Yes
CUST00059,Customer_59,25,Male,Delhi,Borivali,28.733919,77.09353,Returning,Fitness,2784,6,No
CUST00060,Customer_60,19,Male,Pune,Borivali,18.51586,73.815446,Returning,Fitness,3251,4,Yes
CUST00061,Customer_61,45,Male,Delhi,Bandra,28.687352,77.138418,New,Furniture,868,3,No
CUST00062,Customer_62,60,Female,Bangalore,Whitefield,12.870627,77.586699,New,Electronics,1792,4,Yes
CUST00063,Customer_63,47,Female,Mumbai,Dadar,19.046789,72.874185,New,Books,1770,1,Yes
CUST00064,Customer_64,59,Male,Delhi,Thane,28.792759,77.080169,New,Books,224,4,Yes
CUST00065,Customer_65,55,Male,Bangalore,Hinjewadi,13.046069,77.649615,New,Clothing,659,1,Yes
CUST00066,Customer_66,42,Female,Hyderabad,Thane,17.386495,78.491055,Returning,Fitness,2809,4,Yes
CUST00067,Customer_67,45,Male,Chennai,Andheri,13.091762,80.229441,New,Books,372,3,No
CUST00068,Customer_68,45,Female,Mumbai,Thane,19.107342,72.847065,Returning,Furniture,4093,8,No
CUST00069,Customer_69,18,Male,Chennai,Thane,13.084487,80.160902,Returning,Groceries,3929,3,No
CUST00070,Customer_70,56,Male,Chennai,Andheri,13.039536,80.297455,Returning,Electronics,1148,8,No
CUST00071,Customer_71,21,Male,Delhi,Bandra,28.647927,77.119198,New,Electronics,1702,2,No
CUST00072,Customer_72,51,Male,Hyderabad,Bandra,17.359638,78.536208,Returning,Furniture,1229,12,No
CUST00073,Customer_73,22,Female,Hyderabad,Whitefield,17.447897,78.495581,New,Electronics,1794,3,Yes
CUST00074,Customer_74,51,Male,Mumbai,Hinjewadi,19.075257,72.879722,Returning,Furniture,1481,4,Yes
CUST00075,Customer_75,37,Female,Mumbai,Powai,19.074928,72.937283,New,Furniture,1220,1,No
CUST00076,Customer_76,33,Female,Pune,Whitefield,18.645643,73.790027,Returning,Furniture,2690,5,No
CUST00077,Customer_77,35,Female,Delhi,Bandra,28.652686,77.170658,New,Furniture,1314,3,Yes
CUST00078,Customer_78,55,Male,Bangalore,Hinjewadi,12.914486,77.525999,New,Clothing,324,3,Yes
CUST00079,Customer_79,36,Male,Delhi,Borivali,28.809869,77.088786,Returning,Clothing,2043,5,No
CUST00080,Customer_80,49,Male,Hyderabad,Whitefield,17.372493,78.461258,New,Furniture,505,5,Yes
CUST00081,Customer_81,18,Female,Mumbai,Whitefield,19.105067,72.821045,Returning,Electronics,670,5,Yes
CUST00082,Customer_82,46,Female,Delhi,Andheri,28.792819,77.140152,Returning,Clothing,2582,6,Yes
CUST00083,Customer_83,49,Female,Delhi,Thane,28.70151,77.074915,New,Clothing,1820,3,No
CUST00084,Customer_84,20,Female,Mumbai,Powai,19.081413,72.929898,Returning,Electronics,2692,7,Yes
CUST00085,Customer_85,44,Male,Pune,Bandra,18.651272,73.932138,VIP,Furniture,9588,11,No
CUST00086,Customer_86,19,Female,Chennai,Borivali,13.133345,80.272852,VIP,Books,4145,21,Yes
CUST00087,Customer_87,56,Female,Delhi,Hinjewadi,28.765725,77.085179,New,Groceries,1536,2,No
CUST00088,Customer_88,18,Male,Bangalore,Thane,12.988194,77.653135,New,Clothing,634,5,Yes
CUST00089,Customer_89,25,Male,Pune,Powai,18.550739,73.823465,New,Groceries,1005,3,No
CUST00090,Customer_90,55,Female,Bangalore,Thane,12.894961,77.619675,New,Clothing,1038,1,Yes
CUST00091,Customer_91,47,Female,Delhi,Andheri,28.710832,77.148999,New,Fitness,238,2,Yes
CUST00092,Customer_92,36,Female,Bangalore,Powai,12.974494,77.575621,New,Clothing,642,3,No
CUST00093,Customer_93,59,Male,Chennai,Borivali,13.135398,80.320516,New,Books,1697,2,No
CUST00094,Customer_94,23,Male,Delhi,Powai,28.59864,77.026544,Returning,Groceries,665,8,Yes
CUST00095,Customer_95,47,Male,Bangalore,Borivali,12.978092,77.591338,Returning,Clothing,3373,10,No
CUST00096,Customer_96,53,Female,Hyderabad,Whitefield,17.375651,78.527897,Returning,Groceries,4641,10,No
CUST00097,Customer_97,20,Female,Delhi,Andheri,28.804875,77.050928,New,Clothing,1918,1,No
CUST00098,Customer_98,36,Female,Delhi,Hinjewadi,28.700724,77.101231,Returning,Groceries,3463,5,Yes
CUST00099,Customer_99,25,Male,Delhi,Hinjewadi,28.714365,77.041318,Returning,Electronics,3688,3,Yes
CUST00100,Customer_100,50,Female,Pune,Whitefield,18.543771,73.858535,VIP,Electronics,7196,18,Yes
CUST00101,Customer_101,39,Female,Hyderabad,Bandra,17.486945,78.505941,VIP,Books,9643,20,No
CUST00102,Customer_102,23,Female,Chennai,Powai,13.047674,80.195842,Returning,Fitness,3453,8,No
CUST00103,Customer_103,30,Female,Hyderabad,Borivali,17.380103,78.449218,New,Fitness,873,2,Yes
CUST00104,Customer_104,31,Female,Chennai,Borivali,13.061516,80.287983,New,Clothing,476,4,Yes
CUST00105,Customer_105,50,Female,Chennai,Dadar,13.094451,80.280395,New,Fitness,1294,5,Yes
CUST00106,Customer_106,46,Male,Pune,Thane,18.590013,73.877098,Returning,Groceries,994,3,Yes
CUST00107,Customer_107,52,Male,Bangalore,Dadar,13.107274,77.602667,VIP,Furniture,6185,12,No
CUST00108,Customer_108,60,Male,Pune,Dadar,18.500055,73.781845,Returning,Furniture,1636,11,Yes
CUST00109,Customer_109,59,Male,Hyderabad,Dadar,17.319281,78.532041,New,Fitness,1250,2,Yes
CUST00110,Customer_110,42,Female,Mumbai,Hinjewadi,19.108447,72.873215,New,Books,460,2,No
CUST00111,Customer_111,51,Male,Mumbai,Hinjewadi,19.064781,72.83332,Returning,Fitness,3962,5,Yes
CUST00112,Customer_112,39,Female,Chennai,Andheri,13.074382,80.276874,New,Books,1179,3,Yes
CUST00113,Customer_113,49,Female,Chennai,Borivali,12.981816,80.30696,VIP,Electronics,9819,20,No
CUST00114,Customer_114,55,Female,Delhi,Thane,28.602738,77.119349,New,Clothing,932,1,No
CUST00115,Customer_115,37,Female,Delhi,Bandra,28.701865,77.117104,New,Fitness,624,3,Yes
CUST00116,Customer_116,41,Female,Pune,Powai,18.487975,73.941374,Returning,Groceries,739,9,No
CUST00117,Customer_117,34,Female,Chennai,Whitefield,13.118605,80.302471,VIP,Electronics,7708,17,No
CUST00118,Customer_118,31,Male,Bangalore,Thane,12.962653,77.590837,New,Fitness,610,3,Yes
CUST00119,Customer_119,53,Female,Pune,Bandra,18.564685,73.921815,New,Fitness,1847,3,Yes
CUST00120,Customer_120,58,Female,Bangalore,Whitefield,13.041609,77.592281,New,Electronics,1836,4,Yes
CUST00121,Customer_121,50,Female,Delhi,Borivali,28.706935,77.119054,Returning,Groceries,1812,12,No
CUST00122,Customer_122,47,Male,Mumbai,Bandra,19.062911,72.842237,New,Furniture,823,5,Yes
CUST00123,Customer_123,48,Male,Delhi,Bandra,28.712423,77.126166,Returning,Books,2163,10,No
CUST00124,Customer_124,30,Female,Bangalore,Thane,12.997785,77.590823,New,Furniture,1184,1,Yes
CUST00125,Customer_125,42,Female,Pune,Borivali,18.487498,73.881663,VIP,Groceries,9405,21,Yes
CUST00126,Customer_126,19,Female,Hyderabad,Hinjewadi,17.40505,78.440748,Returning,Clothing,648,11,No
CUST00127,Customer_127,54,Female,Chennai,Thane,13.130141,80.308691,Returning,Books,4378,6,No
CUST00128,Customer_128,20,Male,Mumbai,Borivali,19.073907,72.814988,Returning,Fitness,3492,11,Yes
CUST00129,Customer_129,37,Female,Hyderabad,Bandra,17.324293,78.508423,New,Groceries,889,4,No
CUST00130,Customer_130,32,Female,Delhi,Andheri,28.677828,77.088795,VIP,Furniture,7705,21,Yes
CUST00131,Customer_131,54,Male,Chennai,Powai,13.026256,80.311863,Returning,Groceries,3775,11,Yes
CUST00132,Customer_132,39,Female,Hyderabad,Thane,17.290411,78.484317,Returning,Clothing,648,6,Yes
CUST00133,Customer_133,30,Female,Chennai,Whitefield,13.10046,80.301297,VIP,Books,3165,21,Yes
CUST00134,Customer_134,31,Male,Mumbai,Powai,19.100113,72.816723,Returning,Clothing,2417,5,Yes
CUST00135,Customer_135,28,Male,Chennai,Whitefield,13.062075,80.233473,Returning,Electronics,2448,5,No
CUST00136,Customer_136,53,Male,Hyderabad,Thane,17.326395,78.398686,New,Groceries,304,5,No
CUST00137,Customer_137,43,Female,Delhi,Dadar,28.728029,77.161479,New,Books,934,5,No
CUST00138,Customer_138,26,Male,Hyderabad,Powai,17.356429,78.525029,New,Fitness,1588,4,No
CUST00139,Customer_139,30,Female,Pune,Bandra,18.547231,73.81149,New,Clothing,958,5,Yes
CUST00140,Customer_140,35,Male,Hyderabad,Borivali,17.379276,78.488778,New,Electronics,1284,2,Yes
CUST00141,Customer_141,59,Male,Chennai,Whitefield,13.119658,80.276186,Returning,Furniture,3356,6,Yes
CUST00142,Customer_142,28,Male,Bangalore,Whitefield,12.884454,77.686145,New,Books,1296,3,Yes
CUST00143,Customer_143,41,Male,Delhi,Bandra,28.72355,77.052789,New,Clothing,891,4,No
CUST00144,Customer_144,54,Male,Hyderabad,Bandra,17.308132,78.443125,New,Groceries,1836,5,Yes
CUST00145,Customer_145,54,Female,Hyderabad,Thane,17.367471,78.452741,Returning,Fitness,4831,7,Yes
CUST00146,Customer_146,23,Male,Hyderabad,Dadar,17.361235,78.435726,New,Groceries,823,2,No
CUST00147,Customer_147,23,Female,Pune,Bandra,18.548174,73.80428,VIP,Electronics,6438,15,No
CUST00148,Customer_148,38,Male,Hyderabad,Andheri,17.411944,78.520641,Returning,Fitness,4324,8,Yes
CUST00149,Customer_149,49,Male,Hyderabad,Bandra,17.309816,78.46308,New,Clothing,1359,4,No
CUST00150,Customer_150,20,Female,Bangalore,Andheri,13.017064,77.602491,VIP,Electronics,2325,22,Yes
CUST00151,Customer_151,37,Male,Bangalore,Borivali,13.014916,77.648785,Returning,Furniture,4091,4,Yes
CUST00152,Customer_152,54,Female,Delhi,Dadar,28.647754,77.080689,New,Groceries,1280,2,No
CUST00153,Customer_153,38,Male,Mumbai,Bandra,19.090466,72.863517,New,Electronics,1063,4,Yes
CUST00154,Customer_154,23,Male,Bangalore,Borivali,12.988109,77.667709,VIP,Electronics,6644,17,No
CUST00155,Customer_155,46,Female,Delhi,Bandra,28.693842,77.113145,Returning,Furniture,996,4,Yes
CUST00156,Customer_156,57,Male,Hyderabad,Dadar,17.378331,78.3835,New,Groceries,1829,5,No
CUST00157,Customer_157,21,Female,Mumbai,Thane,19.033695,72.866568,Returning,Books,4441,10,No
CUST00158,Customer_158,29,Male,Mumbai,Borivali,19.052497,72.916883,New,Fitness,1320,1,Yes
CUST00159,Customer_159,22,Male,Delhi,Thane,28.757573,77.067215,New,Fitness,541,2,Yes
CUST00160,Customer_160,43,Female,Hyderabad,Thane,17.43777,78.459852,Returning,Books,2426,4,No
CUST00161,Customer_161,59,Female,Delhi,Dadar,28.718619,77.082082,Returning,Electronics,3012,12,No
CUST00162,Customer_162,58,Female,Chennai,Whitefield,13.014665,80.230915,New,Clothing,1798,5,No
CUST00163,Customer_163,45,Female,Hyderabad,Andheri,17.301759,78.526549,New,Clothing,1456,4,No
CUST00164,Customer_164,34,Female,Chennai,Thane,13.150084,80.315585,New,Books,616,3,No
CUST00165,Customer_165,56,Female,Delhi,Borivali,28.688199,77.137156,New,Groceries,909,2,Yes
CUST00166,Customer_166,36,Male,Chennai,Powai,12.984695,80.32185,New,Clothing,700,2,Yes
CUST00167,Customer_167,38,Male,Hyderabad,Hinjewadi,17.477502,78.519887,Returning,Clothing,4313,11,Yes
CUST00168,Customer_168,26,Male,Mumbai,Dadar,19.050451,72.919329,Returning,Furniture,3616,4,Yes
CUST00169,Customer_169,53,Male,Pune,Dadar,18.523124,73.804532,Returning,Clothing,3371,11,Yes
CUST00170,Customer_170,38,Female,Chennai,Thane,13.014661,80.259019,VIP,Clothing,5668,10,No
CUST00171,Customer_171,59,Female,Bangalore,Thane,12.972654,77.465553,Returning,Furniture,1153,7,No
CUST00172,Customer_172,50,Female,Mumbai,Whitefield,19.221477,72.855428,Returning,Fitness,1402,10,No
CUST00173,Customer_173,58,Male,Mumbai,Andheri,19.140785,72.878928,New,Electronics,843,1,No
CUST00174,Customer_174,23,Female,Pune,Thane,18.583752,73.967494,Returning,Groceries,784,11,Yes
CUST00175,Customer_175,39,Female,Chennai,Dadar,13.055283,80.253459,VIP,Books,9295,19,Yes
CUST00176,Customer_176,39,Female,Chennai,Thane,13.112371,80.319608,New,Electronics,107,3,No
CUST00177,Customer_177,34,Male,Chennai,Dadar,13.093479,80.262457,Returning,Clothing,1470,6,No
CUST00178,Customer_178,40,Male,Hyderabad,Dadar,17.314941,78.491074,Returning,Electronics,3426,7,Yes
CUST00179,Customer_179,44,Male,Chennai,Powai,13.031198,80.270792,Returning,Fitness,2181,10,No
CUST00180,Customer_180,21,Female,Delhi,Dadar,28.764692,77.121689,New,Fitness,187,4,Yes
CUST00181,Customer_181,40,Male,Hyderabad,Hinjewadi,17.402423,78.409115,New,Electronics,979,1,No
CUST00182,Customer_182,52,Female,Mumbai,Whitefield,19.099963,72.85087,VIP,Furniture,5948,13,No
CUST00183,Customer_183,58,Female,Delhi,Bandra,28.606792,77.168633,Returning,Electronics,966,7,Yes
CUST00184,Customer_184,18,Male,Hyderabad,Hinjewadi,17.37224,78.488676,VIP,Fitness,8759,17,Yes
CUST00185,Customer_185,35,Female,Chennai,Bandra,13.106295,80.333624,New,Clothing,1020,2,No
CUST00186,Customer_186,40,Female,Chennai,Dadar,13.044954,80.343604,Returning,Clothing,4959,4,Yes
CUST00187,Customer_187,59,Male,Pune,Bandra,18.518151,73.816465,New,Fitness,661,2,No
CUST00188,Customer_188,28,Female,Delhi,Borivali,28.709573,77.070652,New,Books,1598,5,No
CUST00189,Customer_189,27,Male,Bangalore,Hinjewadi,12.966449,77.669847,New,Clothing,875,5,No
CUST00190,Customer_190,27,Male,Chennai,Andheri,12.988141,80.273978,VIP,Furniture,2297,23,No
CUST00191,Customer_191,30,Female,Bangalore,Thane,12.970749,77.578821,Returning,Furniture,3843,11,Yes
CUST00192,Customer_192,44,Female,Mumbai,Whitefield,19.052692,72.911721,Returning,Books,3980,5,No
CUST00193,Customer_193,52,Female,Hyderabad,Powai,17.354696,78.341967,VIP,Groceries,8305,19,No
CUST00194,Customer_194,41,Female,Delhi,Borivali,28.628616,77.087005,New,Clothing,130,1,No
CUST00195,Customer_195,35,Female,Delhi,Bandra,28.749369,77.130211,New,Fitness,752,2,Yes
CUST00196,Customer_196,37,Female,Pune,Andheri,18.412467,73.884381,Returning,Fitness,4782,6,Yes
CUST00197,Customer_197,32,Male,Chennai,Whitefield,13.088078,80.244307,VIP,Books,4125,17,No
CUST00198,Customer_198,24,Female,Pune,Hinjewadi,18.494891,73.88599,New,Groceries,661,3,No
CUST00199,Customer_199,36,Male,Delhi,Dadar,28.718672,77.051972,New,Fitness,1952,2,Yes
CUST00200,Customer_200,44,Female,Pune,Borivali,18.465952,73.862227,New,Fitness,1718,3,Yes
CUST00201,Customer_201,20,Female,Pune,Dadar,18.61302,73.90921,VIP,Clothing,8047,21,Yes
CUST00202,Customer_202,45,Male,Hyderabad,Dadar,17.41471,78.433327,Returning,Groceries,2316,10,No
CUST00203,Customer_203,22,Female,Mumbai,Borivali,19.03526,72.910752,Returning,Fitness,1417,5,No
CUST00204,Customer_204,56,Female,Mumbai,Thane,19.115988,72.83725,Returning,Furniture,1218,8,Yes
CUST00205,Customer_205,27,Male,Hyderabad,Borivali,17.376597,78.444781,Returning,Clothing,960,6,No
CUST00206,Customer_206,32,Male,Pune,Whitefield,18.491396,73.906977,New,Clothing,1965,4,Yes
CUST00207,Customer_207,55,Female,Bangalore,Whitefield,12.957427,77.548119,Returning,Electronics,1976,12,Yes
CUST00208,Customer_208,21,Male,Chennai,Whitefield,13.008448,80.26335,New,Furniture,1170,1,Yes
CUST00209,Customer_209,33,Male,Bangalore,Dadar,12.956109,77.666834,Returning,Electronics,4960,3,Yes
CUST00210,Customer_210,51,Male,Pune,Powai,18.47776,73.808812,Returning,Books,927,5,Yes
CUST00211,Customer_211,40,Female,Delhi,Bandra,28.735432,77.113397,Returning,Fitness,4782,8,Yes
CUST00212,Customer_212,46,Male,Bangalore,Thane,12.971303,77.602651,New,Electronics,427,4,Yes
CUST00213,Customer_213,46,Male,Delhi,Thane,28.681001,77.106307,New,Books,1371,3,No
CUST00214,Customer_214,32,Female,Mumbai,Dadar,19.114161,72.821614,VIP,Electronics,5994,21,Yes
CUST00215,Customer_215,21,Female,Delhi,Powai,28.748463,77.155913,Returning,Books,1863,12,No
CUST00216,Customer_216,34,Female,Mumbai,Borivali,19.050011,73.022542,Returning,Groceries,1837,10,No
CUST00217,Customer_217,44,Female,Pune,Powai,18.614739,73.771536,VIP,Electronics,4335,15,Yes
CUST00218,Customer_218,27,Male,Chennai,Bandra,13.133684,80.308307,VIP,Fitness,8879,11,No
CUST00219,Customer_219,31,Female,Delhi,Bandra,28.649984,77.128248,Returning,Groceries,3757,11,Yes
CUST00220,Customer_220,54,Female,Delhi,Dadar,28.680574,77.147291,New,Furniture,263,4,No
CUST00221,Customer_221,19,Male,Delhi,Hinjewadi,28.655541,77.053019,New,Furniture,1107,3,Yes
CUST00222,Customer_222,54,Female,Delhi,Borivali,28.798494,77.104442,New,Furniture,884,1,No
CUST00223,Customer_223,42,Female,Mumbai,Powai,19.114802,72.92711,Returning,Furniture,4624,12,Yes
CUST00224,Customer_224,23,Female,Hyderabad,Dadar,17.378407,78.465827,New,Books,1070,3,No
CUST00225,Customer_225,51,Female,Hyderabad,Powai,17.410563,78.576135,Returning,Books,2879,9,Yes
CUST00226,Customer_226,60,Male,Hyderabad,Hinjewadi,17.392931,78.508125,New,Electronics,1046,5,No
CUST00227,Customer_227,37,Female,Hyderabad,Thane,17.375892,78.50411,Returning,Groceries,2436,6,Yes
CUST00228,Customer_228,23,Male,Chennai,Borivali,13.057838,80.289226,VIP,Furniture,4061,16,No
CUST00229,Customer_229,22,Female,Pune,Thane,18.570018,73.9288,New,Furniture,1517,4,Yes
CUST00230,Customer_230,47,Female,Hyderabad,Powai,17.432359,78.510021,Returning,Fitness,1423,4,No
CUST00231,Customer_231,34,Male,Mumbai,Hinjewadi,19.175157,72.874989,New,Fitness,983,4,Yes
CUST00232,Customer_232,34,Male,Pune,Thane,18.511896,73.765643,VIP,Furniture,8599,9,No
CUST00233,Customer_233,55,Male,Hyderabad,Hinjewadi,17.401622,78.520783,New,Electronics,175,3,No
CUST00234,Customer_234,26,Male,Chennai,Hinjewadi,13.139044,80.265571,VIP,Fitness,4455,8,No
CUST00235,Customer_235,29,Female,Chennai,Borivali,13.199364,80.315428,Returning,Furniture,1838,7,Yes
CUST00236,Customer_236,25,Male,Delhi,Thane,28.651301,77.122647,VIP,Clothing,9478,19,No
CUST00237,Customer_237,51,Female,Mumbai,Dadar,19.075754,72.944972,New,Clothing,1307,2,No
CUST00238,Customer_238,46,Male,Bangalore,Whitefield,12.974406,77.55337,New,Fitness,470,4,No
CUST00239,Customer_239,53,Male,Chennai,Bandra,13.098998,80.244022,New,Electronics,1466,1,No
CUST00240,Customer_240,59,Male,Hyderabad,Hinjewadi,17.297845,78.44488,New,Books,299,1,Yes
CUST00241,Customer_241,18,Female,Chennai,Thane,13.090675,80.243801,New,Furniture,154,2,No
CUST00242,Customer_242,19,Male,Delhi,Powai,28.769651,77.036749,New,Books,1367,3,No
CUST00243,Customer_243,21,Male,Delhi,Whitefield,28.665723,77.052758,New,Clothing,1244,4,No
CUST00244,Customer_244,23,Female,Pune,Powai,18.528969,73.926033,New,Clothing,1454,3,No
CUST00245,Customer_245,47,Male,Mumbai,Andheri,19.077149,72.868083,Returning,Groceries,1968,9,No
CUST00246,Customer_246,35,Female,Mumbai,Whitefield,19.138839,72.993659,New,Furniture,1075,5,Yes
CUST00247,Customer_247,53,Female,Bangalore,Hinjewadi,12.991577,77.498045,Returning,Furniture,2935,10,No
CUST00248,Customer_248,51,Female,Mumbai,Dadar,19.013314,72.90519,Returning,Electronics,1604,10,Yes
CUST00249,Customer_249,36,Male,Pune,Andheri,18.539399,73.750215,Returning,Fitness,1641,5,No
CUST00250,Customer_250,46,Female,Pune,Dadar,18.546361,73.888952,New,Electronics,1277,2,No
CUST00251,Customer_251,34,Female,Delhi,Thane,28.637024,77.18447,Returning,Fitness,3665,9,No
CUST00252,Customer_252,34,Female,Hyderabad,Whitefield,17.393883,78.51489,New,Electronics,1021,2,Yes
CUST00253,Customer_253,60,Male,Hyderabad,Powai,17.357907,78.572452,VIP,Groceries,7607,17,Yes
CUST00254,Customer_254,47,Female,Chennai,Borivali,13.200629,80.280835,New,Electronics,741,4,Yes
CUST00255,Customer_255,26,Female,Chennai,Bandra,13.159356,80.215951,New,Groceries,315,1,Yes
CUST00256,Customer_256,45,Male,Hyderabad,Thane,17.388831,78.440906,New,Fitness,1134,5,No
CUST00257,Customer_257,20,Male,Mumbai,Powai,19.068602,72.833023,New,Clothing,1870,4,Yes
CUST00258,Customer_258,23,Male,Mumbai,Powai,19.062464,72.911835,Returning,Electronics,4136,7,Yes
CUST00259,Customer_259,30,Female,Bangalore,Whitefield,12.890914,77.53305,New,Furniture,554,1,No
CUST00260,Customer_260,27,Male,Bangalore,Andheri,12.952388,77.626422,Returning,Fitness,1241,11,No
CUST00261,Customer_261,47,Male,Pune,Thane,18.609099,73.83871,New,Electronics,1610,2,Yes
CUST00262,Customer_262,34,Male,Chennai,Dadar,13.080711,80.248366,New,Clothing,699,2,Yes
CUST00263,Customer_263,47,Male,Hyderabad,Hinjewadi,17.355506,78.494505,Returning,Electronics,730,7,No
CUST00264,Customer_264,28,Male,Hyderabad,Borivali,17.362051,78.526848,New,Fitness,1311,5,No
CUST00265,Customer_265,38,Female,Chennai,Bandra,13.073102,80.301843,Returning,Groceries,1128,6,Yes
CUST00266,Customer_266,56,Female,Bangalore,Borivali,13.026122,77.632412,Returning,Electronics,2442,9,No
CUST00267,Customer_267,43,Male,Delhi,Borivali,28.667515,77.125381,New,Books,735,3,No
CUST00268,Customer_268,32,Female,Mumbai,Thane,19.111925,72.868492,Returning,Clothing,1899,8,Yes
CUST00269,Customer_269,53,Female,Chennai,Thane,13.157759,80.263868,New,Groceries,1075,5,Yes
CUST00270,Customer_270,43,Female,Bangalore,Andheri,12.946131,77.56421,Returning,Books,1187,4,Yes
CUST00271,Customer_271,46,Male,Bangalore,Andheri,12.986415,77.631556,New,Fitness,534,1,No
CUST00272,Customer_272,51,Male,Mumbai,Dadar,19.066436,72.930358,Returning,Fitness,3989,11,No
CUST00273,Customer_273,23,Female,Mumbai,Andheri,19.174004,72.837668,New,Clothing,1505,1,Yes
CUST00274,Customer_274,54,Male,Hyderabad,Dadar,17.420116,78.558312,Returning,Furniture,1939,8,No
CUST00275,Customer_275,24,Male,Hyderabad,Hinjewadi,17.358055,78.425485,Returning,Groceries,1908,10,Yes
CUST00276,Customer_276,55,Male,Bangalore,Borivali,13.002025,77.615917,VIP,Clothing,3440,24,Yes
CUST00277,Customer_277,39,Female,Hyderabad,Hinjewadi,17.352316,78.514051,VIP,Electronics,7322,10,No
CUST00278,Customer_278,55,Male,Bangalore,Bandra,12.989761,77.587141,New,Books,800,5,Yes
CUST00279,Customer_279,40,Female,Hyderabad,Powai,17.415252,78.473437,Returning,Fitness,4498,5,No
CUST00280,Customer_280,29,Female,Mumbai,Andheri,19.105036,72.752957,Returning,Furniture,3725,7,No
CUST00281,Customer_281,44,Female,Mumbai,Bandra,19.053951,72.88139,Returning,Electronics,753,12,Yes
CUST00282,Customer_282,50,Male,Delhi,Whitefield,28.64734,77.09026,VIP,Groceries,8916,16,Yes
CUST00283,Customer_283,19,Female,Delhi,Hinjewadi,28.673956,77.104995,VIP,Clothing,3909,16,Yes
CUST00284,Customer_284,55,Male,Hyderabad,Dadar,17.320111,78.421133,New,Fitness,278,1,Yes
CUST00285,Customer_285,19,Female,Bangalore,Dadar,12.915633,77.544304,New,Electronics,596,1,No
CUST00286,Customer_286,44,Male,Hyderabad,Bandra,17.328071,78.482547,Returning,Electronics,1050,10,No
CUST00287,Customer_287,29,Male,Delhi,Hinjewadi,28.797634,77.145348,VIP,Furniture,3975,23,Yes
CUST00288,Customer_288,57,Male,Bangalore,Hinjewadi,12.891222,77.657632,Returning,Furniture,3619,4,No
CUST00289,Customer_289,51,Female,Mumbai,Andheri,19.109216,72.871942,Returning,Books,1532,4,No
CUST00290,Customer_290,58,Male,Bangalore,Dadar,12.915924,77.675281,VIP,Clothing,2344,16,No
CUST00291,Customer_291,45,Male,Chennai,Dadar,13.034189,80.254046,VIP,Groceries,4523,22,Yes
CUST00292,Customer_292,50,Male,Bangalore,Andheri,13.055596,77.610547,Returning,Fitness,4466,12,No
CUST00293,Customer_293,21,Female,Hyderabad,Dadar,17.421397,78.486778,Returning,Groceries,2159,11,No
CUST00294,Customer_294,55,Female,Hyderabad,Borivali,17.377336,78.49317,Returning,Books,3236,4,Yes
CUST00295,Customer_295,53,Female,Mumbai,Thane,19.143072,72.879793,New,Furniture,1300,4,No
CUST00296,Customer_296,19,Male,Mumbai,Powai,19.109294,72.813838,New,Furniture,1841,3,Yes
CUST00297,Customer_297,40,Female,Chennai,Thane,13.109289,80.289051,New,Books,657,2,No
CUST00298,Customer_298,42,Female,Mumbai,Dadar,19.082803,72.938043,Returning,Furniture,3204,4,No
CUST00299,Customer_299,41,Female,Hyderabad,Dadar,17.46076,78.540018,New,Groceries,1475,4,No
CUST00300,Customer_300,19,Female,Hyderabad,Bandra,17.393556,78.49924,Returning,Fitness,705,11,No
CUST00301,Customer_301,38,Female,Bangalore,Bandra,12.983986,77.642093,New,Furniture,977,4,Yes
CUST00302,Customer_302,34,Female,Hyderabad,Borivali,17.335649,78.406238,Returning,Books,1717,10,Yes
CUST00303,Customer_303,48,Male,Mumbai,Whitefield,19.133109,72.802834,New,Electronics,288,1,No
CUST00304,Customer_304,25,Female,Delhi,Powai,28.601222,77.177007,New,Fitness,1936,5,Yes
CUST00305,Customer_305,35,Male,Chennai,Hinjewadi,13.052581,80.185997,VIP,Fitness,9809,17,No
CUST00306,Customer_306,55,Male,Chennai,Thane,13.137512,80.267727,Returning,Groceries,2978,6,Yes
CUST00307,Customer_307,38,Male,Pune,Andheri,18.504173,73.846842,New,Groceries,1179,5,Yes
CUST00308,Customer_308,21,Male,Delhi,Bandra,28.702607,77.120102,New,Clothing,1264,3,Yes
CUST00309,Customer_309,28,Female,Chennai,Andheri,13.054612,80.281198,New,Electronics,1025,3,No
CUST00310,Customer_310,41,Female,Mumbai,Whitefield,19.075719,72.757337,VIP,Fitness,8309,20,Yes
CUST00311,Customer_311,33,Female,Delhi,Hinjewadi,28.631261,77.05125,New,Groceries,1124,4,No
CUST00312,Customer_312,26,Female,Bangalore,Whitefield,12.960131,77.615512,VIP,Groceries,2360,22,No
CUST00313,Customer_313,54,Female,Bangalore,Andheri,13.062951,77.53292,New,Clothing,440,5,Yes
CUST00314,Customer_314,32,Female,Bangalore,Dadar,12.984878,77.620574,Returning,Clothing,4581,8,Yes
CUST00315,Customer_315,31,Female,Chennai,Hinjewadi,13.132988,80.260029,New,Clothing,1636,1,Yes
CUST00316,Customer_316,32,Female,Hyderabad,Bandra,17.400911,78.498786,Returning,Electronics,4934,8,No
CUST00317,Customer_317,35,Female,Hyderabad,Dadar,17.416566,78.514811,VIP,Electronics,4475,19,Yes
CUST00318,Customer_318,29,Female,Mumbai,Andheri,18.927947,72.86359,Returning,Electronics,3183,5,No
CUST00319,Customer_319,47,Male,Hyderabad,Andheri,17.39842,78.404486,Returning,Fitness,1792,6,Yes
CUST00320,Customer_320,48,Male,Bangalore,Thane,13.044124,77.574491,VIP,Books,4530,13,No
CUST00321,Customer_321,59,Female,Hyderabad,Hinjewadi,17.440787,78.43199,New,Furniture,1735,3,Yes
CUST00322,Customer_322,50,Male,Delhi,Andheri,28.698118,77.105151,Returning,Books,1424,11,Yes
CUST00323,Customer_323,29,Female,Chennai,Andheri,13.056408,80.22979,New,Books,1832,2,Yes
CUST00324,Customer_324,34,Male,Pune,Powai,18.542903,73.869341,Returning,Groceries,3640,10,No
CUST00325,Customer_325,35,Female,Mumbai,Borivali,19.059452,72.929936,New,Books,440,1,Yes
CUST00326,Customer_326,46,Male,Pune,Borivali,18.543644,73.838152,Returning,Books,2837,8,No
CUST00327,Customer_327,22,Female,Chennai,Dadar,13.008698,80.320192,Returning,Electronics,4102,12,Yes
CUST00328,Customer_328,33,Male,Hyderabad,Thane,17.388429,78.441624,Returning,Groceries,749,5,No
CUST00329,Customer_329,52,Female,Bangalore,Bandra,12.886243,77.674867,Returning,Books,3965,4,No
CUST00330,Customer_330,46,Female,Pune,Hinjewadi,18.529382,73.815843,Returning,Clothing,2742,9,No
CUST00331,Customer_331,47,Male,Mumbai,Hinjewadi,19.062834,72.782725,Returning,Books,3917,11,Yes
CUST00332,Customer_332,60,Female,Chennai,Andheri,13.131505,80.280036,New,Furniture,1481,1,Yes
CUST00333,Customer_333,42,Male,Mumbai,Powai,19.117462,72.790546,New,Electronics,1875,4,Yes
CUST00334,Customer_334,37,Male,Mumbai,Andheri,19.092449,72.858776,New,Groceries,982,3,No
CUST00335,Customer_335,53,Male,Bangalore,Andheri,12.998611,77.598941,New,Groceries,750,5,No
CUST00336,Customer_336,40,Male,Mumbai,Whitefield,19.059417,72.834797,New,Books,791,4,No
CUST00337,Customer_337,54,Female,Pune,Hinjewadi,18.495032,73.78849,New,Groceries,264,1,No
CUST00338,Customer_338,49,Male,Hyderabad,Thane,17.376666,78.584339,New,Clothing,914,3,No
CUST00339,Customer_339,22,Female,Hyderabad,Thane,17.428451,78.534624,New,Electronics,1963,1,Yes
CUST00340,Customer_340,59,Female,Delhi,Whitefield,28.720806,77.134882,New,Groceries,817,5,Yes
CUST00341,Customer_341,55,Male,Mumbai,Dadar,19.073718,72.826711,New,Fitness,1635,1,No
CUST00342,Customer_342,60,Female,Bangalore,Dadar,12.927435,77.649025,New,Furniture,1939,2,Yes
CUST00343,Customer_343,39,Female,Pune,Andheri,18.49005,73.854156,Returning,Groceries,4086,9,No
CUST00344,Customer_344,27,Female,Chennai,Thane,13.123878,80.250203,New,Clothing,1608,4,Yes
CUST00345,Customer_345,50,Male,Pune,Andheri,18.543352,73.804273,New,Electronics,810,2,No
CUST00346,Customer_346,41,Male,Pune,Bandra,18.503268,73.828878,VIP,Fitness,5145,22,Yes
CUST00347,Customer_347,18,Male,Delhi,Borivali,28.736068,77.129906,VIP,Books,2007,14,Yes
CUST00348,Customer_348,38,Female,Bangalore,Hinjewadi,12.996896,77.591801,New,Groceries,1066,2,Yes
CUST00349,Customer_349,55,Male,Bangalore,Bandra,12.996295,77.562278,Returning,Clothing,1900,7,Yes
CUST00350,Customer_350,51,Female,Hyderabad,Andheri,17.363819,78.521361,VIP,Fitness,6259,14,No
CUST00351,Customer_351,37,Male,Hyderabad,Powai,17.37904,78.444342,New,Electronics,1758,1,No
CUST00352,Customer_352,36,Male,Bangalore,Whitefield,12.97138,77.664955,New,Electronics,736,1,No
CUST00353,Customer_353,47,Female,Bangalore,Powai,12.958855,77.595405,VIP,Groceries,2483,10,No
CUST00354,Customer_354,46,Female,Pune,Whitefield,18.558413,73.913295,Returning,Fitness,2929,10,No
CUST00355,Customer_355,22,Female,Hyderabad,Borivali,17.404486,78.468382,New,Groceries,880,5,No
CUST00356,Customer_356,40,Male,Mumbai,Whitefield,19.119064,72.845523,New,Clothing,207,5,Yes
CUST00357,Customer_357,22,Female,Hyderabad,Dadar,17.489631,78.447203,VIP,Fitness,8525,19,Yes
CUST00358,Customer_358,56,Male,Pune,Powai,18.560733,73.812904,New,Books,1317,2,No
CUST00359,Customer_359,57,Male,Delhi,Thane,28.76952,76.982345,New,Fitness,355,5,No
CUST00360,Customer_360,21,Male,Bangalore,Dadar,12.934669,77.503884,New,Clothing,157,3,No
CUST00361,Customer_361,32,Female,Chennai,Thane,13.026113,80.294589,VIP,Books,5860,23,No
CUST00362,Customer_362,43,Female,Delhi,Borivali,28.79253,77.062367,Returning,Fitness,1730,7,Yes
CUST00363,Customer_363,34,Female,Mumbai,Dadar,19.06259,72.933829,New,Furniture,588,3,Yes
CUST00364,Customer_364,37,Female,Chennai,Powai,13.069477,80.278122,New,Furniture,593,4,No
CUST00365,Customer_365,53,Male,Chennai,Dadar,12.981576,80.29819,Returning,Clothing,891,8,No
CUST00366,Customer_366,32,Female,Bangalore,Hinjewadi,12.91166,77.585329,New,Fitness,168,3,No
CUST00367,Customer_367,35,Female,Bangalore,Powai,12.969541,77.534097,VIP,Furniture,7812,12,No
CUST00368,Customer_368,42,Male,Delhi,Andheri,28.752862,77.121702,New,Groceries,1728,5,No
CUST00369,Customer_369,60,Male,Hyderabad,Bandra,17.394502,78.504569,Returning,Electronics,2983,10,No
CUST00370,Customer_370,18,Female,Pune,Thane,18.472157,73.769164,New,Clothing,304,1,No
CUST00371,Customer_371,18,Female,Pune,Whitefield,18.591204,73.889596,New,Books,372,5,No
CUST00372,Customer_372,47,Male,Delhi,Thane,28.806559,77.094265,Returning,Clothing,3562,10,Yes
CUST00373,Customer_373,41,Male,Chennai,Dadar,13.041171,80.247427,New,Books,1091,1,No
CUST00374,Customer_374,47,Male,Pune,Whitefield,18.491937,73.851325,Returning,Electronics,1466,11,No
CUST00375,Customer_375,60,Female,Bangalore,Andheri,12.905437,77.521568,New,Furniture,857,3,Yes
CUST00376,Customer_376,30,Female,Mumbai,Dadar,19.067831,72.89765,New,Groceries,959,4,Yes
CUST00377,Customer_377,57,Male,Chennai,Thane,13.06864,80.324786,Returning,Books,1894,4,No
CUST00378,Customer_378,21,Male,Hyderabad,Hinjewadi,17.388297,78.463758,New,Electronics,1179,2,No
CUST00379,Customer_379,59,Female,Hyderabad,Andheri,17.395593,78.500525,New,Books,1860,2,No
CUST00380,Customer_380,38,Male,Mumbai,Thane,19.158297,72.809361,Returning,Clothing,4256,7,Yes
CUST00381,Customer_381,47,Male,Chennai,Whitefield,13.122818,80.188319,New,Clothing,1005,4,Yes
CUST00382,Customer_382,44,Male,Bangalore,Hinjewadi,12.861291,77.51365,New,Furniture,1968,3,No
CUST00383,Customer_383,49,Female,Hyderabad,Bandra,17.408241,78.515799,New,Furniture,1072,4,No
CUST00384,Customer_384,28,Male,Delhi,Andheri,28.757641,77.008038,New,Furniture,1842,1,No
CUST00385,Customer_385,21,Female,Chennai,Dadar,13.036707,80.216493,New,Fitness,436,1,No
CUST00386,Customer_386,26,Female,Hyderabad,Borivali,17.334864,78.448405,Returning,Clothing,3736,11,No
CUST00387,Customer_387,25,Female,Mumbai,Thane,19.033089,72.910944,New,Books,481,1,No
CUST00388,Customer_388,29,Female,Pune,Andheri,18.506127,73.840048,Returning,Fitness,1283,11,Yes
CUST00389,Customer_389,28,Male,Delhi,Powai,28.683881,77.125359,Returning,Clothing,583,3,No
CUST00390,Customer_390,52,Male,Pune,Borivali,18.546271,73.904692,New,Groceries,819,5,Yes
CUST00391,Customer_391,40,Male,Pune,Bandra,18.537244,73.901562,New,Books,1173,3,Yes
CUST00392,Customer_392,43,Male,Hyderabad,Andheri,17.476497,78.491175,New,Fitness,227,2,Yes
CUST00393,Customer_393,20,Male,Mumbai,Borivali,19.025616,72.800169,New,Furniture,1000,5,No
CUST00394,Customer_394,29,Female,Chennai,Dadar,13.031618,80.273354,Returning,Electronics,4563,12,No
CUST00395,Customer_395,45,Male,Chennai,Andheri,13.171897,80.247889,New,Books,1069,3,No
CUST00396,Customer_396,18,Female,Pune,Thane,18.613903,73.860883,New,Clothing,1256,4,Yes
CUST00397,Customer_397,19,Female,Pune,Dadar,18.465608,73.815259,New,Fitness,811,5,Yes
CUST00398,Customer_398,46,Male,Bangalore,Dadar,12.953438,77.596044,New,Electronics,1317,4,No
CUST00399,Customer_399,35,Male,Mumbai,Dadar,19.057659,72.878292,Returning,Clothing,4050,10,Yes
CUST00400,Customer_400,47,Male,Bangalore,Thane,13.05074,77.649067,New,Groceries,1031,2,No
CUST00401,Customer_401,20,Female,Hyderabad,Hinjewadi,17.377542,78.384599,New,Furniture,1349,2,No
CUST00402,Customer_402,40,Male,Bangalore,Bandra,12.984961,77.606902,Returning,Clothing,4440,8,Yes
CUST00403,Customer_403,50,Female,Bangalore,Whitefield,13.020388,77.59456,New,Groceries,712,4,Yes
CUST00404,Customer_404,58,Female,Bangalore,Thane,12.906465,77.590628,Returning,Books,4933,6,No
CUST00405,Customer_405,19,Male,Mumbai,Hinjewadi,19.08966,72.813614,Returning,Books,4967,5,Yes
CUST00406,Customer_406,24,Female,Mumbai,Bandra,19.047214,72.821611,New,Furniture,942,1,Yes
CUST00407,Customer_407,21,Male,Hyderabad,Whitefield,17.47571,78.434505,New,Books,1454,4,Yes
CUST00408,Customer_408,21,Female,Delhi,Bandra,28.673987,77.112948,New,Fitness,1303,2,Yes
CUST00409,Customer_409,49,Female,Delhi,Dadar,28.680266,77.106872,VIP,Fitness,5149,12,Yes
CUST00410,Customer_410,23,Female,Pune,Powai,18.508039,73.864842,Returning,Clothing,863,5,No
CUST00411,Customer_411,29,Male,Hyderabad,Hinjewadi,17.425415,78.503551,New,Fitness,1263,2,Yes
CUST00412,Customer_412,39,Female,Delhi,Thane,28.743598,77.100673,Returning,Fitness,1318,9,No
CUST00413,Customer_413,57,Female,Pune,Whitefield,18.521372,73.828535,Returning,Books,547,6,Yes
CUST00414,Customer_414,54,Male,Mumbai,Dadar,19.048719,72.8442,New,Groceries,1900,3,No
CUST00415,Customer_415,42,Female,Chennai,Dadar,13.108126,80.317948,VIP,Electronics,2605,13,No
CUST00416,Customer_416,21,Female,Chennai,Andheri,13.113126,80.307363,New,Electronics,276,4,Yes
CUST00417,Customer_417,23,Male,Delhi,Powai,28.708677,77.076811,Returning,Books,1183,11,Yes
CUST00418,Customer_418,47,Male,Chennai,Thane,13.145105,80.279878,New,Electronics,1397,4,Yes
CUST00419,Customer_419,30,Male,Pune,Thane,18.416043,73.847378,VIP,Books,5980,14,Yes
CUST00420,Customer_420,56,Female,Mumbai,Borivali,19.053097,72.871243,New,Books,1287,5,No
CUST00421,Customer_421,57,Female,Bangalore,Thane,12.887205,77.614346,Returning,Fitness,619,8,Yes
CUST00422,Customer_422,50,Female,Mumbai,Borivali,19.052089,72.938895,New,Furniture,1578,3,Yes
CUST00423,Customer_423,37,Female,Mumbai,Thane,18.983278,72.93619,New,Electronics,253,4,No
CUST00424,Customer_424,43,Male,Delhi,Dadar,28.685397,77.125575,Returning,Electronics,2937,12,No
CUST00425,Customer_425,50,Female,Bangalore,Dadar,12.927914,77.614271,New,Furniture,1666,4,No
CUST00426,Customer_426,22,Male,Delhi,Hinjewadi,28.637722,77.126883,Returning,Books,4530,6,No
CUST00427,Customer_427,41,Female,Bangalore,Andheri,12.929936,77.516198,New,Clothing,597,5,No
CUST00428,Customer_428,56,Female,Mumbai,Whitefield,19.091737,72.905571,New,Groceries,650,5,Yes
CUST00429,Customer_429,44,Female,Mumbai,Andheri,19.064226,72.913299,VIP,Clothing,6517,12,Yes
CUST00430,Customer_430,57,Male,Chennai,Bandra,13.163693,80.323252,New,Furniture,859,5,No
CUST00431,Customer_431,26,Female,Bangalore,Powai,12.917292,77.489676,New,Clothing,837,2,Yes
CUST00432,Customer_432,32,Female,Mumbai,Powai,19.044263,72.817033,New,Electronics,580,5,No
CUST00433,Customer_433,36,Female,Bangalore,Bandra,13.029971,77.571009,Returning,Clothing,4013,6,Yes
CUST00434,Customer_434,25,Female,Hyderabad,Hinjewadi,17.330632,78.540009,New,Fitness,1224,5,No
CUST00435,Customer_435,45,Male,Bangalore,Hinjewadi,12.986778,77.571887,Returning,Electronics,4673,11,No
CUST00436,Customer_436,42,Male,Delhi,Andheri,28.803984,77.123705,New,Groceries,1696,4,Yes
CUST00437,Customer_437,53,Female,Delhi,Hinjewadi,28.634226,77.027463,Returning,Clothing,4155,12,Yes
CUST00438,Customer_438,59,Female,Delhi,Bandra,28.662227,77.156026,VIP,Electronics,4089,15,Yes
CUST00439,Customer_439,28,Male,Hyderabad,Bandra,17.467656,78.483905,Returning,Fitness,3931,7,Yes
CUST00440,Customer_440,30,Female,Delhi,Thane,28.675761,77.137816,VIP,Books,9201,21,Yes
CUST00441,Customer_441,41,Female,Bangalore,Bandra,13.040156,77.510545,New,Fitness,754,2,No
CUST00442,Customer_442,58,Female,Delhi,Whitefield,28.685301,77.134974,New,Clothing,345,4,Yes
CUST00443,Customer_443,29,Female,Hyderabad,Dadar,17.431737,78.465622,Returning,Furniture,4802,3,No
CUST00444,Customer_444,21,Female,Mumbai,Borivali,19.094464,72.949605,New,Fitness,1975,3,Yes
CUST00445,Customer_445,23,Female,Bangalore,Andheri,12.852492,77.627139,New,Electronics,1023,2,Yes
CUST00446,Customer_446,41,Male,Chennai,Dadar,13.159142,80.237986,Returning,Clothing,3204,11,Yes
CUST00447,Customer_447,28,Female,Delhi,Whitefield,28.667839,77.04749,Returning,Groceries,4410,8,No
CUST00448,Customer_448,26,Male,Bangalore,Dadar,12.969134,77.625613,Returning,Electronics,1683,12,No
CUST00449,Customer_449,54,Female,Mumbai,Powai,19.03007,72.90932,New,Books,328,2,Yes
CUST00450,Customer_450,59,Male,Pune,Bandra,18.591829,73.918975,New,Books,1422,4,No
CUST00451,Customer_451,22,Male,Chennai,Hinjewadi,13.185694,80.293684,Returning,Furniture,682,3,No
CUST00452,Customer_452,51,Male,Chennai,Dadar,13.092061,80.326727,Returning,Electronics,2957,4,Yes
CUST00453,Customer_453,35,Male,Bangalore,Andheri,12.916168,77.540882,Returning,Groceries,3029,8,No
CUST00454,Customer_454,40,Male,Pune,Whitefield,18.492257,73.797885,New,Books,454,1,Yes
CUST00455,Customer_455,26,Male,Mumbai,Dadar,19.114698,72.886366,New,Fitness,178,3,No
CUST00456,Customer_456,27,Female,Pune,Andheri,18.494367,73.756885,New,Groceries,158,4,No
CUST00457,Customer_457,42,Female,Hyderabad,Thane,17.333528,78.559869,New,Books,1088,5,Yes
CUST00458,Customer_458,33,Male,Mumbai,Whitefield,19.174215,72.965989,VIP,Groceries,9214,15,Yes
CUST00459,Customer_459,35,Female,Delhi,Powai,28.717203,77.042589,New,Electronics,910,5,No
CUST00460,Customer_460,52,Male,Hyderabad,Andheri,17.351053,78.524503,Returning,Groceries,3622,4,No
CUST00461,Customer_461,33,Male,Mumbai,Borivali,19.192346,72.917506,New,Groceries,140,5,No
CUST00462,Customer_462,26,Male,Pune,Dadar,18.520295,73.863845,New,Clothing,996,5,Yes
CUST00463,Customer_463,46,Male,Chennai,Hinjewadi,13.02111,80.199695,VIP,Fitness,9723,14,Yes
CUST00464,Customer_464,19,Male,Pune,Bandra,18.486449,73.85011,VIP,Clothing,7786,25,No
CUST00465,Customer_465,23,Female,Mumbai,Bandra,19.023621,72.963345,Returning,Clothing,2352,6,Yes
CUST00466,Customer_466,60,Female,Mumbai,Borivali,19.034539,72.867421,New,Furniture,253,3,No
CUST00467,Customer_467,52,Female,Delhi,Dadar,28.660853,77.044709,Returning,Books,3083,6,Yes
CUST00468,Customer_468,45,Male,Bangalore,Thane,12.932032,77.676709,Returning,Fitness,3798,12,No
CUST00469,Customer_469,30,Male,Hyderabad,Whitefield,17.413941,78.48661,New,Groceries,280,5,No
CUST00470,Customer_470,53,Female,Hyderabad,Andheri,17.373061,78.547832,Returning,Clothing,515,12,No
CUST00471,Customer_471,27,Male,Chennai,Dadar,13.096505,80.256345,New,Books,466,1,No
CUST00472,Customer_472,47,Male,Mumbai,Andheri,19.097678,72.829449,New,Fitness,1425,5,Yes
CUST00473,Customer_473,23,Female,Hyderabad,Borivali,17.364219,78.553691,New,Groceries,1063,1,No
CUST00474,Customer_474,50,Male,Chennai,Hinjewadi,13.179994,80.218306,Returning,Groceries,4552,3,Yes
CUST00475,Customer_475,47,Male,Hyderabad,Borivali,17.375402,78.496691,New,Furniture,198,3,No
CUST00476,Customer_476,23,Male,Hyderabad,Andheri,17.377758,78.537694,New,Furniture,582,2,No
CUST00477,Customer_477,37,Male,Bangalore,Powai,12.917062,77.612379,Returning,Electronics,4251,10,No
CUST00478,Customer_478,43,Male,Hyderabad,Bandra,17.427867,78.576981,New,Groceries,1635,4,No
CUST00479,Customer_479,28,Female,Hyderabad,Powai,17.32045,78.480707,VIP,Books,9636,20,Yes
CUST00480,Customer_480,52,Female,Chennai,Thane,13.097969,80.260551,Returning,Electronics,4172,7,No
CUST00481,Customer_481,35,Female,Chennai,Thane,13.034038,80.200687,VIP,Fitness,2686,15,Yes
CUST00482,Customer_482,50,Female,Bangalore,Andheri,13.018001,77.623495,Returning,Electronics,2495,4,Yes
CUST00483,Customer_483,28,Male,Mumbai,Dadar,19.13771,72.832558,New,Clothing,284,4,Yes
CUST00484,Customer_484,21,Female,Delhi,Thane,28.676769,77.189458,New,Fitness,173,5,No
CUST00485,Customer_485,56,Female,Pune,Whitefield,18.566051,73.896031,New,Groceries,236,4,No
CUST00486,Customer_486,29,Male,Hyderabad,Powai,17.416339,78.389703,Returning,Clothing,3775,9,Yes
CUST00487,Customer_487,53,Female,Hyderabad,Borivali,17.442684,78.401171,New,Groceries,928,5,No
CUST00488,Customer_488,46,Male,Chennai,Powai,13.049022,80.286714,New,Fitness,676,1,No
CUST00489,Customer_489,19,Female,Mumbai,Powai,19.085453,72.855726,Returning,Electronics,3857,12,No
CUST00490,Customer_490,59,Male,Bangalore,Borivali,12.970426,77.589388,New,Clothing,566,4,No
CUST00491,Customer_491,45,Female,Chennai,Powai,13.11007,80.294628,Returning,Books,1939,11,No
CUST00492,Customer_492,26,Male,Hyderabad,Andheri,17.393354,78.509896,Returning,Electronics,3497,10,Yes
CUST00493,Customer_493,55,Male,Hyderabad,Borivali,17.398631,78.50188,VIP,Groceries,5093,18,Yes
CUST00494,Customer_494,36,Female,Pune,Hinjewadi,18.543109,73.849528,Returning,Fitness,4667,11,No
CUST00495,Customer_495,47,Male,Delhi,Thane,28.697996,77.153625,Returning,Groceries,589,5,No
CUST00496,Customer_496,30,Female,Hyderabad,Hinjewadi,17.353561,78.430499,New,Fitness,955,3,No
CUST00497,Customer_497,18,Female,Bangalore,Powai,12.999861,77.619338,New,Electronics,888,2,No
CUST00498,Customer_498,42,Female,Pune,Dadar,18.575384,73.860787,Returning,Fitness,4635,3,No
CUST00499,Customer_499,39,Female,Delhi,Andheri,28.71529,77.089918,New,Fitness,655,1,No
CUST00500,Customer_500,53,Female,Pune,Bandra,18.447249,73.846985,New,Electronics,1080,4,Yes
CUST00501,Customer_501,47,Female,Chennai,Powai,13.122655,80.281503,New,Books,1563,4,Yes
CUST00502,Customer_502,23,Male,Bangalore,Andheri,13.021591,77.626429,Returning,Fitness,4938,10,Yes
CUST00503,Customer_503,60,Male,Chennai,Hinjewadi,13.075423,80.387943,Returning,Clothing,4582,10,Yes
CUST00504,Customer_504,24,Male,Mumbai,Borivali,19.157406,72.857562,Returning,Fitness,3359,8,No
CUST00505,Customer_505,56,Male,Chennai,Andheri,13.079149,80.346549,Returning,Books,2843,6,Yes
CUST00506,Customer_506,22,Male,Hyderabad,Dadar,17.48397,78.576751,Returning,Clothing,1765,12,No
CUST00507,Customer_507,48,Male,Chennai,Andheri,13.021721,80.294575,Returning,Electronics,3952,4,No
CUST00508,Customer_508,39,Male,Chennai,Dadar,13.165047,80.272725,New,Groceries,117,2,No
CUST00509,Customer_509,21,Female,Chennai,Bandra,13.166381,80.272056,Returning,Fitness,1332,9,No
CUST00510,Customer_510,39,Female,Chennai,Powai,13.111207,80.250261,Returning,Fitness,2429,3,No
CUST00511,Customer_511,43,Female,Mumbai,Thane,19.055998,72.84559,New,Fitness,1488,1,No
CUST00512,Customer_512,35,Male,Bangalore,Thane,12.974245,77.557036,New,Fitness,107,2,No
CUST00513,Customer_513,51,Male,Mumbai,Borivali,19.149531,72.863883,New,Electronics,1202,5,No
CUST00514,Customer_514,34,Male,Mumbai,Bandra,19.093373,72.8668,New,Groceries,1244,2,No
CUST00515,Customer_515,39,Female,Pune,Dadar,18.584731,73.867915,Returning,Clothing,2130,11,Yes
CUST00516,Customer_516,58,Female,Chennai,Borivali,13.121338,80.28472,New,Fitness,1080,5,Yes
CUST00517,Customer_517,58,Female,Mumbai,Dadar,19.147953,72.874669,VIP,Clothing,6579,23,No
CUST00518,Customer_518,49,Female,Hyderabad,Thane,17.297192,78.508653,Returning,Fitness,2202,3,Yes
CUST00519,Customer_519,33,Female,Mumbai,Dadar,19.09178,72.867197,Returning,Electronics,1318,7,No
CUST00520,Customer_520,30,Female,Delhi,Whitefield,28.689023,77.103189,VIP,Books,4449,9,Yes
CUST00521,Customer_521,60,Male,Delhi,Andheri,28.710095,77.151794,New,Clothing,1968,3,No
CUST00522,Customer_522,52,Male,Pune,Powai,18.509795,73.89855,New,Books,121,3,Yes
CUST00523,Customer_523,55,Male,Mumbai,Borivali,18.986307,72.892675,New,Books,1227,3,Yes
CUST00524,Customer_524,52,Male,Pune,Thane,18.446808,73.895769,New,Clothing,1609,3,Yes
CUST00525,Customer_525,20,Female,Pune,Thane,18.646532,73.801311,New,Electronics,1963,4,No
CUST00526,Customer_526,47,Male,Mumbai,Dadar,19.15055,72.841326,New,Groceries,451,2,No
CUST00527,Customer_527,35,Female,Delhi,Whitefield,28.703159,77.145804,VIP,Fitness,3167,11,No
CUST00528,Customer_528,36,Female,Pune,Whitefield,18.480018,73.861956,Returning,Furniture,771,5,No
CUST00529,Customer_529,28,Male,Mumbai,Whitefield,19.024093,72.933005,New,Groceries,1642,1,No
CUST00530,Customer_530,40,Male,Bangalore,Andheri,12.956251,77.571111,Returning,Furniture,4829,6,No
CUST00531,Customer_531,49,Male,Chennai,Powai,13.06337,80.225921,Returning,Electronics,813,8,Yes
CUST00532,Customer_532,21,Female,Mumbai,Borivali,19.066694,72.777582,New,Fitness,1912,5,Yes
CUST00533,Customer_533,46,Female,Delhi,Hinjewadi,28.798336,77.139099,New,Electronics,1190,5,No
CUST00534,Customer_534,26,Female,Pune,Thane,18.522318,73.777007,New,Clothing,1416,4,No
CUST00535,Customer_535,51,Female,Delhi,Thane,28.732029,77.118999,Returning,Fitness,1450,3,Yes
CUST00536,Customer_536,40,Female,Pune,Powai,18.470726,73.858666,New,Books,1826,3,Yes
CUST00537,Customer_537,45,Male,Pune,Hinjewadi,18.507631,73.71979,New,Furniture,915,5,Yes
CUST00538,Customer_538,48,Male,Hyderabad,Dadar,17.39304,78.524546,New,Groceries,1998,3,Yes
CUST00539,Customer_539,47,Female,Chennai,Dadar,13.023459,80.250258,Returning,Furniture,1999,3,Yes
CUST00540,Customer_540,53,Female,Mumbai,Bandra,19.078947,72.837436,New,Electronics,1074,5,No
CUST00541,Customer_541,48,Female,Mumbai,Dadar,19.085513,72.918747,VIP,Clothing,8503,13,No
CUST00542,Customer_542,26,Female,Pune,Bandra,18.519077,73.847599,Returning,Electronics,3866,7,Yes
CUST00543,Customer_543,35,Female,Chennai,Andheri,13.03524,80.25532,New,Furniture,984,2,No
CUST00544,Customer_544,45,Female,Hyderabad,Thane,17.352401,78.580853,Returning,Books,4185,8,No
CUST00545,Customer_545,43,Male,Hyderabad,Thane,17.413736,78.561326,Returning,Fitness,1779,9,No
CUST00546,Customer_546,34,Male,Pune,Andheri,18.59136,73.794028,VIP,Electronics,9858,20,Yes
CUST00547,Customer_547,19,Female,Hyderabad,Powai,17.474844,78.482137,New,Groceries,285,4,No
CUST00548,Customer_548,60,Female,Bangalore,Thane,12.998106,77.563716,New,Furniture,645,1,No
CUST00549,Customer_549,38,Male,Bangalore,Powai,12.969048,77.53353,New,Books,1221,4,No
CUST00550,Customer_550,58,Female,Hyderabad,Powai,17.431317,78.484967,Returning,Electronics,1876,11,Yes
CUST00551,Customer_551,32,Male,Hyderabad,Thane,17.398159,78.452086,Returning,Books,3299,6,No
CUST00552,Customer_552,24,Male,Delhi,Hinjewadi,28.703908,77.096489,Returning,Clothing,3290,7,No
CUST00553,Customer_553,43,Male,Hyderabad,Hinjewadi,17.366383,78.420695,New,Electronics,877,4,Yes
CUST00554,Customer_554,42,Male,Chennai,Borivali,13.086952,80.328772,Returning,Books,1574,6,No
CUST00555,Customer_555,21,Male,Chennai,Andheri,13.062079,80.367259,Returning,Books,767,3,Yes
CUST00556,Customer_556,32,Male,Delhi,Hinjewadi,28.714157,77.151932,VIP,Electronics,2980,17,No
CUST00557,Customer_557,25,Female,Chennai,Thane,13.111467,80.238691,Returning,Electronics,3614,3,No
CUST00558,Customer_558,35,Male,Pune,Dadar,18.541689,73.837596,VIP,Books,7991,9,No
CUST00559,Customer_559,50,Female,Delhi,Dadar,28.718355,77.140033,New,Fitness,1992,3,No
CUST00560,Customer_560,57,Male,Delhi,Whitefield,28.667432,77.161764,New,Clothing,1903,5,Yes
CUST00561,Customer_561,18,Female,Hyderabad,Dadar,17.365476,78.438233,New,Fitness,529,4,Yes
CUST00562,Customer_562,40,Female,Delhi,Thane,28.707553,77.052261,New,Furniture,1622,3,Yes
CUST00563,Customer_563,49,Female,Mumbai,Borivali,19.020114,72.815558,Returning,Furniture,1169,4,Yes
CUST00564,Customer_564,50,Male,Pune,Bandra,18.630056,73.895861,Returning,Fitness,1712,9,No
CUST00565,Customer_565,45,Female,Delhi,Hinjewadi,28.729941,77.129606,New,Books,1986,3,Yes
CUST00566,Customer_566,59,Male,Mumbai,Bandra,19.106819,72.937224,Returning,Fitness,1096,12,Yes
CUST00567,Customer_567,42,Male,Delhi,Dadar,28.718947,77.111207,New,Furniture,750,5,No
CUST00568,Customer_568,44,Female,Chennai,Powai,13.022431,80.23433,New,Books,715,2,No
CUST00569,Customer_569,47,Male,Pune,Bandra,18.540472,73.789854,New,Electronics,428,4,Yes
CUST00570,Customer_570,39,Female,Pune,Bandra,18.562069,73.854952,New,Books,136,2,No
CUST00571,Customer_571,50,Female,Hyderabad,Borivali,17.367739,78.568387,Returning,Electronics,834,5,No
CUST00572,Customer_572,37,Female,Delhi,Whitefield,28.659812,77.105683,Returning,Clothing,2207,6,No
CUST00573,Customer_573,43,Female,Delhi,Thane,28.684956,77.187206,New,Groceries,1827,2,Yes
CUST00574,Customer_574,27,Male,Pune,Dadar,18.482518,73.855551,Returning,Fitness,4287,9,Yes
CUST00575,Customer_575,47,Female,Pune,Dadar,18.49259,73.883001,New,Fitness,1594,2,Yes
CUST00576,Customer_576,28,Female,Pune,Andheri,18.561949,73.784671,New,Fitness,706,1,Yes
CUST00577,Customer_577,24,Male,Chennai,Powai,13.062311,80.282811,New,Groceries,264,1,Yes
CUST00578,Customer_578,25,Male,Delhi,Powai,28.73044,77.085223,Returning,Fitness,1986,4,No
CUST00579,Customer_579,50,Male,Pune,Bandra,18.521451,73.897898,Returning,Furniture,1090,5,Yes
CUST00580,Customer_580,26,Female,Pune,Andheri,18.568314,73.74505,VIP,Clothing,8188,9,Yes
CUST00581,Customer_581,31,Male,Mumbai,Powai,19.069995,72.853758,New,Books,769,3,Yes
CUST00582,Customer_582,18,Male,Hyderabad,Andheri,17.395139,78.518794,New,Fitness,1447,3,No
CUST00583,Customer_583,49,Female,Pune,Borivali,18.481688,73.842117,Returning,Clothing,3722,3,No
CUST00584,Customer_584,38,Female,Hyderabad,Hinjewadi,17.39146,78.515245,Returning,Fitness,3865,3,Yes
CUST00585,Customer_585,46,Female,Chennai,Hinjewadi,13.04617,80.268771,New,Electronics,1708,4,Yes
CUST00586,Customer_586,31,Male,Pune,Borivali,18.461496,73.856418,New,Books,350,4,Yes
CUST00587,Customer_587,57,Female,Hyderabad,Whitefield,17.388684,78.425925,New,Groceries,1733,1,No
CUST00588,Customer_588,41,Male,Bangalore,Dadar,13.023058,77.625267,Returning,Furniture,4334,8,No
CUST00589,Customer_589,52,Female,Bangalore,Bandra,12.925741,77.607732,VIP,Clothing,9942,10,Yes
CUST00590,Customer_590,36,Male,Hyderabad,Bandra,17.398027,78.396052,New,Furniture,676,3,No
CUST00591,Customer_591,48,Female,Mumbai,Andheri,19.053573,72.891947,New,Books,1891,4,No
CUST00592,Customer_592,43,Female,Delhi,Bandra,28.62844,77.076703,Returning,Books,1073,11,Yes
CUST00593,Customer_593,24,Female,Hyderabad,Borivali,17.414103,78.506861,Returning,Electronics,1148,4,No
CUST00594,Customer_594,30,Female,Chennai,Powai,13.017027,80.325763,New,Groceries,1770,5,No
CUST00595,Customer_595,41,Female,Delhi,Whitefield,28.731059,77.132606,Returning,Fitness,4456,6,Yes
CUST00596,Customer_596,32,Female,Chennai,Borivali,13.19751,80.260772,New,Clothing,1184,2,No
CUST00597,Customer_597,41,Male,Mumbai,Bandra,19.125126,72.802081,VIP,Groceries,4489,21,No
CUST00598,Customer_598,36,Male,Delhi,Bandra,28.734534,77.220799,VIP,Fitness,7322,21,Yes
CUST00599,Customer_599,38,Male,Pune,Thane,18.558698,73.838186,VIP,Books,2219,9,No
CUST00600,Customer_600,41,Female,Pune,Whitefield,18.441551,73.833822,New,Electronics,815,4,No
CUST00601,Customer_601,53,Male,Delhi,Dadar,28.724891,77.004254,VIP,Furniture,3470,24,No
CUST00602,Customer_602,30,Female,Delhi,Borivali,28.715145,77.07739,New,Books,1478,5,Yes
CUST00603,Customer_603,33,Male,Mumbai,Bandra,19.034247,72.894011,New,Books,1537,5,No
CUST00604,Customer_604,34,Male,Hyderabad,Dadar,17.356565,78.45701,Returning,Groceries,1147,3,Yes
CUST00605,Customer_605,22,Female,Bangalore,Andheri,12.945407,77.541194,New,Electronics,618,1,Yes
CUST00606,Customer_606,18,Male,Chennai,Thane,13.098606,80.180578,New,Clothing,154,5,No
CUST00607,Customer_607,28,Male,Pune,Thane,18.529415,73.886259,VIP,Furniture,5314,24,No
CUST00608,Customer_608,41,Female,Pune,Hinjewadi,18.56972,73.877973,New,Electronics,1106,3,Yes
CUST00609,Customer_609,39,Female,Delhi,Borivali,28.766223,77.040069,VIP,Electronics,2920,10,No
CUST00610,Customer_610,19,Female,Chennai,Thane,13.066279,80.230797,New,Books,206,2,No
CUST00611,Customer_611,60,Male,Pune,Andheri,18.428676,73.880658,Returning,Electronics,1739,10,No
CUST00612,Customer_612,51,Male,Hyderabad,Borivali,17.424659,78.483981,New,Furniture,1964,3,No
CUST00613,Customer_613,41,Male,Delhi,Powai,28.762247,77.091604,New,Fitness,831,3,Yes
CUST00614,Customer_614,53,Female,Bangalore,Whitefield,12.950542,77.62169,Returning,Books,928,10,Yes
CUST00615,Customer_615,30,Female,Mumbai,Andheri,19.093541,72.924996,Returning,Groceries,1930,6,Yes
CUST00616,Customer_616,48,Male,Chennai,Powai,13.048626,80.197527,Returning,Fitness,4577,8,Yes
CUST00617,Customer_617,36,Male,Mumbai,Andheri,19.030579,72.826366,VIP,Fitness,5625,16,Yes
CUST00618,Customer_618,47,Male,Chennai,Bandra,13.100745,80.30827,Returning,Books,1053,11,Yes
CUST00619,Customer_619,36,Male,Bangalore,Powai,13.021628,77.554021,New,Clothing,1428,2,Yes
CUST00620,Customer_620,29,Female,Pune,Borivali,18.501134,73.821515,New,Furniture,1932,3,Yes
CUST00621,Customer_621,52,Male,Mumbai,Whitefield,19.095297,72.887606,New,Clothing,652,1,Yes
CUST00622,Customer_622,22,Male,Chennai,Whitefield,13.099771,80.230319,New,Clothing,1296,1,No
CUST00623,Customer_623,36,Female,Hyderabad,Whitefield,17.332964,78.474047,New,Electronics,1747,5,No
CUST00624,Customer_624,50,Male,Pune,Andheri,18.466598,73.93541,New,Clothing,1685,3,Yes
CUST00625,Customer_625,30,Female,Pune,Thane,18.543722,73.795244,New,Fitness,355,2,Yes
CUST00626,Customer_626,23,Female,Mumbai,Dadar,19.132001,72.864982,VIP,Books,3838,22,No
CUST00627,Customer_627,49,Female,Pune,Powai,18.524178,73.90641,New,Fitness,1242,5,No
CUST00628,Customer_628,46,Female,Pune,Andheri,18.541934,73.831774,New,Furniture,1932,3,No
CUST00629,Customer_629,60,Male,Hyderabad,Dadar,17.406564,78.409907,New,Electronics,208,3,Yes
CUST00630,Customer_630,49,Male,Pune,Andheri,18.453235,73.88548,New,Groceries,705,5,Yes
CUST00631,Customer_631,30,Male,Bangalore,Bandra,12.967475,77.546454,Returning,Electronics,4705,8,Yes
CUST00632,Customer_632,26,Male,Pune,Thane,18.525388,73.878611,Returning,Furniture,2574,10,No
CUST00633,Customer_633,30,Male,Delhi,Bandra,28.652795,77.151622,New,Books,308,3,No
CUST00634,Customer_634,21,Female,Mumbai,Whitefield,19.131687,72.905696,New,Books,412,2,Yes
CUST00635,Customer_635,55,Female,Hyderabad,Bandra,17.326386,78.496629,New,Furniture,837,5,Yes
CUST00636,Customer_636,58,Male,Chennai,Dadar,13.133108,80.237347,New,Fitness,1976,1,Yes
CUST00637,Customer_637,19,Female,Bangalore,Andheri,12.932321,77.542484,New,Groceries,1693,3,Yes
CUST00638,Customer_638,37,Male,Pune,Whitefield,18.476565,73.826899,New,Books,1420,4,No
CUST00639,Customer_639,34,Male,Chennai,Borivali,13.110867,80.32378,New,Books,1795,5,Yes
CUST00640,Customer_640,44,Male,Pune,Powai,18.453609,73.883687,Returning,Furniture,4373,3,Yes
CUST00641,Customer_641,36,Male,Hyderabad,Whitefield,17.41979,78.520574,New,Fitness,273,5,No
CUST00642,Customer_642,31,Female,Hyderabad,Thane,17.437876,78.426406,New,Fitness,1447,1,No
CUST00643,Customer_643,37,Female,Bangalore,Borivali,12.919058,77.644227,New,Furniture,1555,5,No
CUST00644,Customer_644,41,Male,Delhi,Hinjewadi,28.755115,77.017704,New,Groceries,1173,1,Yes
CUST00645,Customer_645,38,Male,Bangalore,Whitefield,12.928442,77.637456,New,Groceries,574,3,Yes
CUST00646,Customer_646,39,Male,Pune,Hinjewadi,18.519661,73.897678,New,Furniture,1793,4,Yes
CUST00647,Customer_647,42,Male,Chennai,Hinjewadi,13.087667,80.303303,Returning,Books,4404,9,No
CUST00648,Customer_648,49,Male,Delhi,Powai,28.648549,77.065272,Returning,Fitness,4535,11,Yes
CUST00649,Customer_649,37,Female,Chennai,Powai,13.049843,80.28911,New,Electronics,332,2,No
CUST00650,Customer_650,19,Female,Delhi,Borivali,28.736938,77.11498,New,Fitness,1470,2,No
CUST00651,Customer_651,56,Male,Delhi,Thane,28.683283,77.103495,Returning,Electronics,4192,12,No
CUST00652,Customer_652,60,Male,Mumbai,Bandra,19.065477,72.879987,Returning,Fitness,2151,6,Yes
CUST00653,Customer_653,44,Male,Hyderabad,Dadar,17.403327,78.497949,New,Groceries,1105,2,No
CUST00654,Customer_654,30,Male,Pune,Borivali,18.515787,73.791351,VIP,Books,2977,23,No
CUST00655,Customer_655,39,Female,Chennai,Dadar,13.037556,80.254938,New,Electronics,834,5,No
CUST00656,Customer_656,30,Female,Bangalore,Powai,12.895971,77.645679,New,Electronics,1917,4,No
CUST00657,Customer_657,23,Male,Chennai,Whitefield,13.095543,80.360049,Returning,Electronics,2427,7,Yes
CUST00658,Customer_658,53,Male,Hyderabad,Dadar,17.431097,78.501962,New,Books,345,1,Yes
CUST00659,Customer_659,23,Female,Chennai,Thane,13.116146,80.335664,Returning,Electronics,3674,3,No
CUST00660,Customer_660,52,Female,Delhi,Whitefield,28.682645,77.117245,New,Fitness,459,5,No
CUST00661,Customer_661,44,Male,Pune,Andheri,18.517899,73.865484,VIP,Furniture,6973,11,No
CUST00662,Customer_662,45,Female,Pune,Andheri,18.532124,73.872507,Returning,Clothing,2773,3,Yes
CUST00663,Customer_663,31,Female,Mumbai,Whitefield,19.122961,72.965341,New,Groceries,941,3,No
CUST00664,Customer_664,31,Male,Bangalore,Dadar,12.957162,77.547958,New,Groceries,446,5,Yes
CUST00665,Customer_665,28,Female,Mumbai,Bandra,19.054546,72.923161,VIP,Furniture,5175,15,Yes
CUST00666,Customer_666,27,Female,Mumbai,Dadar,19.071631,72.809857,New,Electronics,720,3,No
CUST00667,Customer_667,40,Female,Delhi,Borivali,28.727412,77.085592,New,Groceries,1905,2,Yes
CUST00668,Customer_668,32,Male,Hyderabad,Whitefield,17.363338,78.475791,Returning,Books,2738,4,Yes
CUST00669,Customer_669,57,Female,Chennai,Borivali,13.04175,80.256843,Returning,Electronics,528,8,No
CUST00670,Customer_670,18,Male,Hyderabad,Dadar,17.417051,78.587212,New,Books,900,5,Yes
CUST00671,Customer_671,30,Male,Pune,Whitefield,18.604958,73.77721,VIP,Groceries,4563,8,Yes
CUST00672,Customer_672,41,Female,Mumbai,Thane,19.075959,72.920866,Returning,Groceries,2864,11,No
CUST00673,Customer_673,57,Male,Mumbai,Dadar,19.12429,72.859387,New,Clothing,132,1,No
CUST00674,Customer_674,41,Female,Pune,Dadar,18.492124,73.928272,Returning,Furniture,1883,7,No
CUST00675,Customer_675,29,Female,Hyderabad,Dadar,17.444568,78.453588,Returning,Groceries,4602,10,No
CUST00676,Customer_676,26,Male,Bangalore,Whitefield,12.996212,77.608372,New,Electronics,719,3,No
CUST00677,Customer_677,45,Male,Mumbai,Hinjewadi,19.073482,72.918794,New,Clothing,1802,5,Yes
CUST00678,Customer_678,48,Male,Bangalore,Bandra,12.992505,77.539104,New,Clothing,816,2,No
CUST00679,Customer_679,23,Female,Hyderabad,Bandra,17.311242,78.537072,New,Books,1216,4,No
CUST00680,Customer_680,39,Female,Bangalore,Thane,12.943994,77.626989,New,Books,1386,3,Yes
CUST00681,Customer_681,31,Male,Bangalore,Andheri,12.985818,77.711037,New,Books,1590,5,Yes
CUST00682,Customer_682,47,Female,Bangalore,Powai,12.955609,77.623459,Returning,Furniture,4321,10,Yes
CUST00683,Customer_683,34,Female,Chennai,Borivali,13.120913,80.26606,New,Electronics,1022,1,Yes
CUST00684,Customer_684,41,Male,Delhi,Borivali,28.715488,77.083964,Returning,Groceries,1421,11,Yes
CUST00685,Customer_685,41,Female,Delhi,Andheri,28.689454,77.099022,New,Fitness,388,1,Yes
CUST00686,Customer_686,43,Male,Mumbai,Andheri,19.102116,72.92803,New,Books,1073,4,Yes
CUST00687,Customer_687,46,Male,Pune,Bandra,18.458945,73.902597,VIP,Furniture,6627,18,Yes
CUST00688,Customer_688,27,Male,Chennai,Powai,13.107659,80.3174,New,Clothing,777,2,Yes
CUST00689,Customer_689,48,Female,Delhi,Dadar,28.658756,77.049628,New,Clothing,717,5,Yes
CUST00690,Customer_690,48,Male,Mumbai,Bandra,19.070713,72.838807,New,Electronics,824,3,No
CUST00691,Customer_691,28,Male,Mumbai,Borivali,19.059634,72.87136,VIP,Fitness,7293,22,No
CUST00692,Customer_692,60,Female,Delhi,Hinjewadi,28.785297,77.146938,Returning,Groceries,2933,3,Yes
CUST00693,Customer_693,55,Male,Delhi,Borivali,28.722461,77.023312,New,Electronics,1689,4,Yes
CUST00694,Customer_694,56,Male,Mumbai,Whitefield,19.167397,72.777993,Returning,Fitness,741,12,No
CUST00695,Customer_695,37,Female,Bangalore,Dadar,12.946583,77.628575,VIP,Electronics,3610,20,No
CUST00696,Customer_696,36,Female,Bangalore,Andheri,13.089685,77.625814,New,Furniture,431,2,No
CUST00697,Customer_697,53,Female,Delhi,Borivali,28.684009,77.052516,New,Clothing,1785,4,Yes
CUST00698,Customer_698,45,Female,Bangalore,Hinjewadi,13.058494,77.571545,Returning,Clothing,2274,3,No
CUST00699,Customer_699,32,Male,Mumbai,Powai,19.170573,72.915184,New,Books,483,1,No
CUST00700,Customer_700,37,Female,Pune,Dadar,18.532005,73.889232,New,Electronics,474,4,No
CUST00701,Customer_701,33,Female,Delhi,Thane,28.762878,77.136275,VIP,Electronics,4006,11,Yes
CUST00702,Customer_702,39,Female,Mumbai,Andheri,18.985886,72.932649,VIP,Electronics,9439,8,Yes
CUST00703,Customer_703,56,Male,Chennai,Thane,12.966304,80.279215,New,Books,1834,1,Yes
CUST00704,Customer_704,33,Male,Pune,Whitefield,18.474117,73.824463,New,Electronics,1836,4,No
CUST00705,Customer_705,47,Female,Chennai,Andheri,13.04801,80.246762,New,Clothing,1256,2,No
CUST00706,Customer_706,41,Female,Hyderabad,Hinjewadi,17.393201,78.458603,VIP,Groceries,9610,13,No
CUST00707,Customer_707,55,Female,Hyderabad,Andheri,17.409624,78.462286,Returning,Fitness,3288,5,Yes
CUST00708,Customer_708,37,Female,Delhi,Powai,28.562227,77.026347,New,Fitness,791,2,No
CUST00709,Customer_709,27,Male,Mumbai,Thane,19.034187,72.841654,Returning,Electronics,3425,4,Yes
CUST00710,Customer_710,45,Male,Delhi,Whitefield,28.656353,77.072663,Returning,Clothing,4956,9,Yes
CUST00711,Customer_711,35,Male,Chennai,Andheri,13.102627,80.267246,New,Clothing,1867,4,Yes
CUST00712,Customer_712,26,Male,Chennai,Dadar,13.140585,80.254511,New,Clothing,585,3,No
CUST00713,Customer_713,36,Female,Bangalore,Borivali,12.914093,77.596616,New,Books,400,4,Yes
CUST00714,Customer_714,48,Male,Chennai,Bandra,13.081701,80.316158,New,Furniture,1973,3,Yes
CUST00715,Customer_715,38,Female,Bangalore,Powai,12.948944,77.6505,New,Books,780,5,No
CUST00716,Customer_716,45,Female,Delhi,Thane,28.636032,77.083294,Returning,Furniture,1183,10,No
CUST00717,Customer_717,39,Male,Bangalore,Andheri,12.977241,77.71611,VIP,Groceries,2240,18,Yes
CUST00718,Customer_718,47,Female,Bangalore,Powai,13.012106,77.522374,New,Furniture,1684,5,No
CUST00719,Customer_719,33,Female,Mumbai,Andheri,19.107816,72.959763,Returning,Clothing,4809,12,No
CUST00720,Customer_720,48,Male,Pune,Borivali,18.494519,73.874682,New,Groceries,1917,5,No
CUST00721,Customer_721,49,Female,Mumbai,Powai,19.189913,72.971592,New,Furniture,1531,5,Yes
CUST00722,Customer_722,40,Female,Pune,Andheri,18.487436,73.826527,New,Electronics,440,5,No
CUST00723,Customer_723,37,Male,Chennai,Thane,13.15945,80.331455,VIP,Electronics,9311,22,No
CUST00724,Customer_724,50,Female,Chennai,Bandra,13.023982,80.30467,New,Electronics,1582,5,No
CUST00725,Customer_725,44,Female,Bangalore,Thane,13.053718,77.729335,New,Electronics,359,5,Yes
CUST00726,Customer_726,36,Female,Mumbai,Whitefield,19.031255,72.84551,Returning,Books,3171,5,No
CUST00727,Customer_727,23,Female,Pune,Bandra,18.60855,73.805657,VIP,Clothing,7068,9,No
CUST00728,Customer_728,46,Male,Delhi,Borivali,28.700863,77.09688,New,Electronics,1329,1,No
CUST00729,Customer_729,55,Male,Mumbai,Borivali,19.042918,72.840892,New,Groceries,1621,5,No
CUST00730,Customer_730,25,Female,Bangalore,Bandra,12.925116,77.581568,Returning,Books,551,9,Yes
CUST00731,Customer_731,38,Female,Delhi,Bandra,28.681104,77.067243,New,Fitness,1513,2,Yes
CUST00732,Customer_732,32,Female,Bangalore,Thane,12.894717,77.681525,New,Fitness,1677,2,No
CUST00733,Customer_733,49,Female,Hyderabad,Whitefield,17.413038,78.503169,Returning,Fitness,2981,4,Yes
CUST00734,Customer_734,58,Male,Delhi,Dadar,28.752744,77.05515,New,Books,506,2,No
CUST00735,Customer_735,30,Male,Pune,Hinjewadi,18.52288,73.933691,VIP,Books,6884,13,Yes
CUST00736,Customer_736,19,Male,Chennai,Borivali,13.156338,80.259876,VIP,Groceries,6597,21,Yes
CUST00737,Customer_737,20,Female,Mumbai,Bandra,19.120419,72.875874,New,Groceries,1197,1,No
CUST00738,Customer_738,45,Female,Bangalore,Powai,13.000176,77.603745,New,Clothing,149,1,No
CUST00739,Customer_739,53,Female,Pune,Powai,18.401546,73.942414,New,Groceries,1911,4,No
CUST00740,Customer_740,23,Male,Hyderabad,Dadar,17.418861,78.451837,VIP,Clothing,2653,19,Yes
CUST00741,Customer_741,32,Male,Pune,Whitefield,18.5088,73.853686,New,Furniture,498,2,No
CUST00742,Customer_742,35,Male,Mumbai,Borivali,19.122457,72.938501,New,Fitness,1479,4,No
CUST00743,Customer_743,27,Male,Bangalore,Whitefield,13.029034,77.637139,Returning,Books,3430,3,Yes
CUST00744,Customer_744,36,Male,Hyderabad,Powai,17.330754,78.524717,New,Books,1306,4,Yes
CUST00745,Customer_745,58,Female,Hyderabad,Andheri,17.408603,78.481649,VIP,Books,7265,21,No
CUST00746,Customer_746,44,Female,Mumbai,Borivali,19.071628,72.924552,New,Books,1467,1,No
CUST00747,Customer_747,60,Male,Delhi,Andheri,28.744441,77.103579,New,Fitness,197,2,No
CUST00748,Customer_748,30,Male,Delhi,Andheri,28.608811,77.016814,Returning,Groceries,4141,4,No
CUST00749,Customer_749,54,Female,Pune,Dadar,18.446734,73.85515,Returning,Books,2525,12,No
CUST00750,Customer_750,51,Female,Chennai,Hinjewadi,13.104957,80.307563,Returning,Fitness,1014,11,Yes
CUST00751,Customer_751,56,Male,Delhi,Whitefield,28.778417,77.126562,New,Clothing,289,4,Yes
CUST00752,Customer_752,22,Female,Hyderabad,Borivali,17.306869,78.559151,New,Electronics,1029,1,No
CUST00753,Customer_753,44,Male,Bangalore,Bandra,13.080964,77.650765,New,Electronics,1898,2,No
CUST00754,Customer_754,52,Male,Mumbai,Borivali,19.111212,72.961918,Returning,Clothing,3617,7,No
CUST00755,Customer_755,32,Female,Delhi,Powai,28.678626,77.152802,New,Electronics,1864,2,No
CUST00756,Customer_756,43,Male,Bangalore,Bandra,12.986444,77.587931,Returning,Fitness,4172,8,No
CUST00757,Customer_757,50,Female,Mumbai,Bandra,18.948167,72.817942,Returning,Fitness,1255,4,No
CUST00758,Customer_758,21,Female,Pune,Bandra,18.545845,73.903634,New,Clothing,437,1,No
CUST00759,Customer_759,41,Female,Delhi,Whitefield,28.693693,77.13492,New,Books,1198,1,Yes
CUST00760,Customer_760,52,Male,Delhi,Whitefield,28.689665,77.092928,New,Books,629,1,No
CUST00761,Customer_761,58,Male,Chennai,Bandra,13.04868,80.267284,New,Furniture,267,5,No
CUST00762,Customer_762,25,Male,Pune,Whitefield,18.550861,73.892762,New,Groceries,281,3,No
CUST00763,Customer_763,23,Male,Hyderabad,Bandra,17.414049,78.46294,Returning,Furniture,501,5,Yes
CUST00764,Customer_764,32,Female,Bangalore,Hinjewadi,12.949542,77.592714,New,Furniture,533,3,No
CUST00765,Customer_765,50,Male,Bangalore,Hinjewadi,12.938,77.567157,New,Clothing,766,2,No
CUST00766,Customer_766,44,Female,Bangalore,Hinjewadi,12.984724,77.568564,New,Electronics,1533,1,No
CUST00767,Customer_767,50,Male,Hyderabad,Thane,17.377218,78.440138,Returning,Clothing,2102,10,No
CUST00768,Customer_768,54,Female,Pune,Borivali,18.545539,73.868083,New,Books,980,5,Yes
CUST00769,Customer_769,30,Female,Pune,Whitefield,18.541051,73.829008,Returning,Books,4635,8,Yes
CUST00770,Customer_770,56,Male,Chennai,Powai,13.141352,80.286769,Returning,Electronics,4892,7,No
CUST00771,Customer_771,24,Female,Pune,Andheri,18.53622,73.895931,VIP,Furniture,3843,12,No
CUST00772,Customer_772,37,Female,Bangalore,Hinjewadi,13.0786,77.496036,New,Fitness,1364,3,No
CUST00773,Customer_773,54,Female,Hyderabad,Powai,17.397403,78.468176,Returning,Clothing,1249,8,Yes
CUST00774,Customer_774,54,Female,Chennai,Powai,13.03903,80.189563,VIP,Furniture,7905,16,Yes
CUST00775,Customer_775,34,Female,Hyderabad,Powai,17.492407,78.489538,Returning,Furniture,2539,6,No
CUST00776,Customer_776,33,Male,Delhi,Andheri,28.775646,77.14455,New,Books,1861,3,Yes
CUST00777,Customer_777,55,Male,Hyderabad,Dadar,17.338081,78.500854,New,Furniture,1674,4,No
CUST00778,Customer_778,21,Female,Bangalore,Whitefield,12.994595,77.616439,New,Fitness,937,3,No
CUST00779,Customer_779,54,Female,Chennai,Andheri,13.120829,80.200677,Returning,Furniture,2975,10,No
CUST00780,Customer_780,57,Male,Mumbai,Powai,19.130188,72.910803,New,Electronics,150,2,Yes
CUST00781,Customer_781,31,Female,Pune,Bandra,18.513851,73.924645,New,Clothing,235,2,Yes
CUST00782,Customer_782,46,Female,Hyderabad,Dadar,17.42554,78.492201,New,Clothing,1923,5,No
CUST00783,Customer_783,43,Female,Pune,Hinjewadi,18.582344,73.863469,New,Clothing,187,5,No
CUST00784,Customer_784,47,Male,Mumbai,Thane,19.126603,72.923794,New,Groceries,367,5,No
CUST00785,Customer_785,39,Male,Chennai,Andheri,12.995032,80.363471,VIP,Groceries,8749,20,Yes
CUST00786,Customer_786,55,Female,Bangalore,Powai,13.019837,77.634566,Returning,Clothing,1588,7,Yes
CUST00787,Customer_787,18,Female,Chennai,Borivali,13.061781,80.323421,New,Books,1150,5,No
CUST00788,Customer_788,58,Male,Pune,Borivali,18.410517,73.850171,Returning,Furniture,4835,10,Yes
CUST00789,Customer_789,21,Female,Hyderabad,Whitefield,17.376871,78.528586,Returning,Fitness,2926,3,No
CUST00790,Customer_790,39,Female,Chennai,Dadar,13.02322,80.273954,New,Furniture,1452,1,No
CUST00791,Customer_791,58,Male,Pune,Whitefield,18.520524,73.839635,New,Fitness,456,3,Yes
CUST00792,Customer_792,31,Female,Mumbai,Powai,19.033725,72.888373,Returning,Electronics,3582,12,No
CUST00793,Customer_793,29,Male,Bangalore,Thane,12.917532,77.581091,New,Electronics,1266,1,Yes
CUST00794,Customer_794,28,Male,Delhi,Bandra,28.608921,77.044721,New,Furniture,501,2,Yes
CUST00795,Customer_795,26,Female,Bangalore,Powai,12.936774,77.631835,Returning,Books,3355,6,Yes
CUST00796,Customer_796,31,Female,Pune,Borivali,18.48302,73.807637,Returning,Fitness,2361,4,Yes
CUST00797,Customer_797,42,Female,Mumbai,Dadar,19.058161,72.922493,VIP,Groceries,4067,13,No
CUST00798,Customer_798,42,Male,Hyderabad,Dadar,17.469704,78.499558,New,Fitness,1337,5,Yes
CUST00799,Customer_799,26,Female,Mumbai,Dadar,19.009616,72.807794,New,Furniture,517,2,No
CUST00800,Customer_800,47,Female,Mumbai,Powai,19.062866,72.779495,Returning,Clothing,2364,3,No
CUST00801,Customer_801,28,Female,Bangalore,Powai,12.981579,77.62503,New,Books,1577,3,Yes
CUST00802,Customer_802,33,Male,Delhi,Thane,28.608202,77.080001,New,Books,999,5,No
CUST00803,Customer_803,60,Male,Chennai,Hinjewadi,13.08015,80.31442,New,Electronics,379,1,Yes
CUST00804,Customer_804,58,Male,Mumbai,Bandra,19.104029,72.82826,New,Books,817,2,No
CUST00805,Customer_805,58,Female,Bangalore,Whitefield,13.051396,77.544408,New,Fitness,430,5,Yes
CUST00806,Customer_806,26,Female,Delhi,Andheri,28.721543,77.105312,VIP,Electronics,6222,23,No
CUST00807,Customer_807,43,Female,Hyderabad,Andheri,17.41373,78.502243,Returning,Clothing,2954,10,No
CUST00808,Customer_808,29,Male,Chennai,Powai,13.154174,80.247143,New,Books,1277,3,No
CUST00809,Customer_809,54,Male,Chennai,Borivali,13.029113,80.360093,Returning,Fitness,4189,10,No
CUST00810,Customer_810,38,Female,Mumbai,Dadar,19.109678,72.818508,New,Furniture,1835,4,No
CUST00811,Customer_811,29,Male,Chennai,Andheri,12.983196,80.312136,Returning,Electronics,2847,11,Yes
CUST00812,Customer_812,18,Female,Pune,Powai,18.490497,73.97159,Returning,Clothing,4919,10,Yes
CUST00813,Customer_813,50,Female,Delhi,Whitefield,28.736959,77.114988,New,Furniture,894,4,Yes
CUST00814,Customer_814,26,Female,Mumbai,Thane,19.126745,72.962661,New,Fitness,1124,2,No
CUST00815,Customer_815,22,Male,Bangalore,Dadar,12.909928,77.541054,Returning,Electronics,4099,9,Yes
CUST00816,Customer_816,35,Male,Mumbai,Bandra,19.049072,72.911037,New,Furniture,1085,5,Yes
CUST00817,Customer_817,32,Male,Delhi,Dadar,28.644713,77.104268,New,Books,753,2,Yes
CUST00818,Customer_818,47,Female,Delhi,Whitefield,28.606812,77.113267,New,Furniture,590,3,No
CUST00819,Customer_819,56,Female,Pune,Andheri,18.540186,73.814693,Returning,Electronics,3293,4,Yes
CUST00820,Customer_820,23,Female,Bangalore,Hinjewadi,12.970262,77.630408,Returning,Groceries,1862,8,Yes
CUST00821,Customer_821,47,Female,Pune,Andheri,18.474623,73.885894,Returning,Furniture,811,11,Yes
CUST00822,Customer_822,38,Male,Mumbai,Whitefield,19.147374,72.946959,Returning,Furniture,3401,11,Yes
CUST00823,Customer_823,48,Male,Hyderabad,Thane,17.330092,78.489623,New,Books,1691,5,No
CUST00824,Customer_824,51,Male,Delhi,Thane,28.682719,77.098229,Returning,Books,3763,9,Yes
CUST00825,Customer_825,26,Male,Mumbai,Powai,19.122393,72.718963,New,Groceries,1179,5,No
CUST00826,Customer_826,46,Male,Mumbai,Borivali,19.037129,72.848784,Returning,Books,4461,6,Yes
CUST00827,Customer_827,28,Male,Pune,Andheri,18.556609,73.960952,VIP,Electronics,2635,15,Yes
CUST00828,Customer_828,37,Female,Bangalore,Whitefield,12.998846,77.650519,Returning,Fitness,2199,10,Yes
CUST00829,Customer_829,57,Male,Pune,Bandra,18.550243,73.917002,VIP,Furniture,7988,23,Yes
CUST00830,Customer_830,30,Female,Hyderabad,Bandra,17.38209,78.501065,New,Clothing,978,1,No
CUST00831,Customer_831,44,Male,Chennai,Whitefield,13.163015,80.339783,VIP,Electronics,7621,25,No
CUST00832,Customer_832,52,Female,Bangalore,Hinjewadi,13.058878,77.584677,Returning,Electronics,911,11,Yes
CUST00833,Customer_833,39,Male,Mumbai,Dadar,19.046106,72.892952,Returning,Clothing,1061,3,Yes
CUST00834,Customer_834,60,Male,Chennai,Thane,13.004184,80.161667,VIP,Furniture,6763,12,Yes
CUST00835,Customer_835,58,Male,Delhi,Borivali,28.730221,77.141403,New,Groceries,830,5,Yes
CUST00836,Customer_836,38,Male,Pune,Thane,18.509419,73.769474,VIP,Furniture,9527,18,Yes
CUST00837,Customer_837,60,Male,Delhi,Thane,28.793727,77.04314,VIP,Furniture,2645,22,Yes
CUST00838,Customer_838,24,Female,Hyderabad,Borivali,17.438884,78.49086,VIP,Clothing,9441,9,No
CUST00839,Customer_839,30,Female,Hyderabad,Whitefield,17.379919,78.553268,Returning,Books,3324,3,No
CUST00840,Customer_840,28,Female,Pune,Borivali,18.534712,73.953912,VIP,Clothing,8791,10,No
CUST00841,Customer_841,53,Female,Delhi,Hinjewadi,28.595098,77.09852,Returning,Clothing,1226,6,Yes
CUST00842,Customer_842,22,Male,Hyderabad,Powai,17.40006,78.485642,Returning,Furniture,3263,3,No
CUST00843,Customer_843,21,Male,Hyderabad,Powai,17.463941,78.545022,Returning,Furniture,3808,6,No
CUST00844,Customer_844,20,Male,Delhi,Bandra,28.714057,77.048499,Returning,Electronics,3882,4,No
CUST00845,Customer_845,40,Female,Chennai,Powai,13.114843,80.270683,New,Fitness,1161,2,Yes
CUST00846,Customer_846,55,Female,Hyderabad,Andheri,17.322065,78.422903,Returning,Fitness,896,9,No
CUST00847,Customer_847,52,Female,Pune,Dadar,18.562633,73.814224,New,Fitness,1086,5,No
CUST00848,Customer_848,55,Female,Bangalore,Thane,13.028947,77.610121,VIP,Electronics,5387,17,No
CUST00849,Customer_849,50,Male,Delhi,Dadar,28.670724,77.083969,New,Fitness,344,1,No
CUST00850,Customer_850,19,Male,Hyderabad,Borivali,17.459286,78.357918,VIP,Clothing,6751,12,No
CUST00851,Customer_851,50,Female,Pune,Powai,18.530717,73.869934,Returning,Books,1713,3,Yes
CUST00852,Customer_852,28,Male,Mumbai,Andheri,19.170307,72.828795,Returning,Clothing,820,5,Yes
CUST00853,Customer_853,23,Male,Hyderabad,Bandra,17.410112,78.517843,Returning,Groceries,2868,9,Yes
CUST00854,Customer_854,60,Female,Bangalore,Bandra,12.924894,77.541716,VIP,Fitness,8151,9,No
CUST00855,Customer_855,34,Male,Delhi,Whitefield,28.683042,77.147712,New,Furniture,1738,5,No
CUST00856,Customer_856,37,Female,Hyderabad,Andheri,17.390846,78.476372,VIP,Furniture,7979,25,No
CUST00857,Customer_857,51,Female,Chennai,Hinjewadi,13.10108,80.306887,New,Books,806,5,No
CUST00858,Customer_858,35,Male,Pune,Powai,18.580405,73.827691,New,Clothing,1788,2,Yes
CUST00859,Customer_859,48,Female,Hyderabad,Bandra,17.37835,78.517429,New,Electronics,237,3,No
CUST00860,Customer_860,22,Male,Mumbai,Hinjewadi,19.150011,72.950253,New,Fitness,1037,1,Yes
CUST00861,Customer_861,33,Female,Hyderabad,Andheri,17.522278,78.43244,New,Books,225,2,Yes
CUST00862,Customer_862,49,Male,Hyderabad,Thane,17.424099,78.398431,Returning,Furniture,4413,11,Yes
CUST00863,Customer_863,53,Female,Bangalore,Borivali,12.962086,77.633468,New,Furniture,1639,4,Yes
CUST00864,Customer_864,50,Male,Bangalore,Borivali,13.012824,77.554873,New,Clothing,162,4,Yes
CUST00865,Customer_865,58,Female,Bangalore,Thane,12.951907,77.585707,New,Books,662,3,No
CUST00866,Customer_866,35,Male,Delhi,Whitefield,28.726553,77.042047,New,Groceries,1134,5,Yes
CUST00867,Customer_867,39,Male,Chennai,Borivali,13.14644,80.19584,New,Groceries,1215,3,No
CUST00868,Customer_868,20,Female,Chennai,Andheri,13.054764,80.293521,VIP,Fitness,6548,8,Yes
CUST00869,Customer_869,54,Female,Pune,Whitefield,18.527613,73.790642,Returning,Furniture,4637,7,Yes
CUST00870,Customer_870,41,Female,Hyderabad,Hinjewadi,17.428614,78.58556,New,Furniture,1293,2,No
CUST00871,Customer_871,23,Female,Hyderabad,Whitefield,17.539932,78.453943,Returning,Clothing,3295,3,Yes
CUST00872,Customer_872,51,Female,Bangalore,Dadar,12.982711,77.644607,VIP,Groceries,8648,18,No
CUST00873,Customer_873,47,Male,Delhi,Bandra,28.635523,77.099437,VIP,Electronics,5483,12,No
CUST00874,Customer_874,60,Female,Delhi,Andheri,28.792757,77.06142,New,Fitness,1075,4,Yes
CUST00875,Customer_875,40,Male,Delhi,Thane,28.647468,77.126344,VIP,Groceries,4031,10,No
CUST00876,Customer_876,29,Male,Bangalore,Whitefield,12.96638,77.549035,VIP,Groceries,7349,12,No
CUST00877,Customer_877,43,Male,Hyderabad,Borivali,17.389079,78.467834,New,Clothing,1220,1,Yes
CUST00878,Customer_878,54,Female,Hyderabad,Hinjewadi,17.281246,78.419851,New,Books,1557,1,No
CUST00879,Customer_879,23,Male,Chennai,Whitefield,13.037695,80.316067,New,Electronics,735,2,No
CUST00880,Customer_880,33,Male,Bangalore,Bandra,12.951213,77.642944,Returning,Fitness,4050,6,No
CUST00881,Customer_881,59,Female,Mumbai,Powai,19.071748,72.844802,VIP,Fitness,5302,9,Yes
CUST00882,Customer_882,43,Male,Delhi,Thane,28.704699,77.145482,VIP,Furniture,5068,14,Yes
CUST00883,Customer_883,37,Male,Bangalore,Whitefield,12.957039,77.592061,New,Books,1674,3,No
CUST00884,Customer_884,27,Male,Pune,Hinjewadi,18.472042,73.82402,New,Books,1586,3,No
CUST00885,Customer_885,41,Male,Chennai,Bandra,13.026582,80.317313,Returning,Clothing,4325,10,Yes
CUST00886,Customer_886,30,Female,Chennai,Hinjewadi,13.097588,80.26798,New,Groceries,1422,1,Yes
CUST00887,Customer_887,43,Male,Pune,Thane,18.476347,73.916117,Returning,Groceries,3787,9,Yes
CUST00888,Customer_888,53,Male,Mumbai,Whitefield,19.112629,72.927957,New,Electronics,803,1,Yes
CUST00889,Customer_889,27,Male,Pune,Thane,18.585122,73.809595,Returning,Books,3300,9,Yes
CUST00890,Customer_890,56,Male,Chennai,Whitefield,13.083807,80.256707,Returning,Furniture,1688,7,Yes
CUST00891,Customer_891,29,Female,Delhi,Andheri,28.788528,77.079945,New,Electronics,1380,3,Yes
CUST00892,Customer_892,20,Female,Bangalore,Thane,12.983879,77.602379,New,Fitness,505,4,No
CUST00893,Customer_893,19,Female,Pune,Bandra,18.449387,73.796205,Returning,Furniture,4983,4,No
CUST00894,Customer_894,33,Female,Pune,Powai,18.486905,73.813543,VIP,Furniture,9748,15,Yes
CUST00895,Customer_895,58,Male,Bangalore,Powai,13.019474,77.53396,Returning,Groceries,1505,3,No
CUST00896,Customer_896,35,Female,Hyderabad,Borivali,17.410906,78.542685,New,Groceries,1136,4,Yes
CUST00897,Customer_897,51,Female,Chennai,Dadar,13.051347,80.264815,Returning,Electronics,2131,7,No
CUST00898,Customer_898,53,Female,Delhi,Bandra,28.798066,77.127492,New,Fitness,1864,4,Yes
CUST00899,Customer_899,52,Female,Chennai,Borivali,13.139779,80.24018,New,Electronics,807,2,No
CUST00900,Customer_900,53,Female,Mumbai,Bandra,19.09483,72.882616,Returning,Books,610,8,No
CUST00901,Customer_901,37,Male,Pune,Whitefield,18.506378,73.80073,Returning,Groceries,3209,9,Yes
CUST00902,Customer_902,48,Female,Hyderabad,Whitefield,17.362937,78.501768,Returning,Groceries,2525,5,Yes
CUST00903,Customer_903,50,Male,Pune,Andheri,18.55896,73.86895,Returning,Groceries,1645,3,Yes
CUST00904,Customer_904,36,Female,Chennai,Whitefield,13.050552,80.309125,New,Furniture,185,5,No
CUST00905,Customer_905,23,Male,Pune,Whitefield,18.503793,73.915262,New,Electronics,1625,4,Yes
CUST00906,Customer_906,46,Female,Hyderabad,Andheri,17.419686,78.498116,VIP,Fitness,5631,18,Yes
CUST00907,Customer_907,30,Male,Pune,Dadar,18.523984,73.867953,New,Furniture,1055,1,Yes
CUST00908,Customer_908,33,Male,Bangalore,Powai,12.990902,77.610327,New,Fitness,811,5,Yes
CUST00909,Customer_909,37,Female,Mumbai,Bandra,19.035413,72.921152,VIP,Clothing,3741,17,No
CUST00910,Customer_910,28,Male,Pune,Dadar,18.540201,73.85736,New,Books,1181,2,Yes
CUST00911,Customer_911,43,Female,Mumbai,Dadar,19.038575,72.832259,Returning,Furniture,2086,3,Yes
CUST00912,Customer_912,50,Male,Hyderabad,Bandra,17.399502,78.484403,New,Fitness,1323,3,No
CUST00913,Customer_913,29,Female,Mumbai,Andheri,19.031294,72.896932,Returning,Books,1072,11,Yes
CUST00914,Customer_914,30,Male,Hyderabad,Hinjewadi,17.395694,78.539126,New,Electronics,184,4,Yes
CUST00915,Customer_915,49,Male,Delhi,Powai,28.65988,77.136825,VIP,Fitness,3977,23,Yes
CUST00916,Customer_916,34,Male,Delhi,Dadar,28.668724,77.17991,New,Clothing,350,1,No
CUST00917,Customer_917,38,Male,Pune,Powai,18.56663,73.844926,Returning,Electronics,4883,12,Yes
CUST00918,Customer_918,34,Male,Chennai,Bandra,13.068283,80.230367,New,Furniture,401,1,Yes
CUST00919,Customer_919,24,Female,Hyderabad,Whitefield,17.466024,78.581948,New,Groceries,1176,2,Yes
CUST00920,Customer_920,45,Female,Chennai,Hinjewadi,12.959504,80.32753,New,Books,1533,1,No
CUST00921,Customer_921,25,Male,Hyderabad,Dadar,17.343347,78.518535,New,Groceries,707,5,No
CUST00922,Customer_922,42,Male,Bangalore,Hinjewadi,12.971189,77.562714,Returning,Groceries,1430,3,No
CUST00923,Customer_923,50,Male,Pune,Powai,18.517201,73.885763,New,Electronics,389,4,Yes
CUST00924,Customer_924,59,Female,Mumbai,Andheri,19.100789,72.904814,Returning,Electronics,1487,4,No
CUST00925,Customer_925,44,Female,Delhi,Andheri,28.615154,77.179115,Returning,Books,3000,6,Yes
CUST00926,Customer_926,57,Male,Mumbai,Powai,19.114684,72.879801,New,Books,1525,3,Yes
CUST00927,Customer_927,31,Female,Bangalore,Thane,12.963409,77.690077,Returning,Fitness,739,3,No
CUST00928,Customer_928,49,Male,Bangalore,Whitefield,12.942327,77.623422,VIP,Books,9068,22,Yes
CUST00929,Customer_929,24,Female,Chennai,Whitefield,13.027913,80.3038,New,Groceries,256,3,Yes
CUST00930,Customer_930,41,Female,Delhi,Andheri,28.610309,77.061772,Returning,Electronics,2638,5,Yes
CUST00931,Customer_931,36,Male,Mumbai,Thane,19.113425,72.902939,VIP,Books,9372,23,No
CUST00932,Customer_932,40,Male,Hyderabad,Borivali,17.420852,78.531243,New,Groceries,1479,4,No
CUST00933,Customer_933,38,Female,Chennai,Dadar,13.034428,80.300446,Returning,Clothing,1273,11,Yes
CUST00934,Customer_934,37,Female,Hyderabad,Andheri,17.448732,78.53019,New,Groceries,1079,4,No
CUST00935,Customer_935,42,Female,Delhi,Borivali,28.716724,77.055798,Returning,Clothing,3936,5,No
CUST00936,Customer_936,24,Male,Mumbai,Whitefield,19.095853,72.833397,New,Groceries,897,5,No
CUST00937,Customer_937,41,Male,Pune,Powai,18.556254,73.797493,New,Books,188,3,Yes
CUST00938,Customer_938,54,Female,Chennai,Andheri,13.042142,80.248536,New,Electronics,677,2,Yes
CUST00939,Customer_939,50,Male,Pune,Whitefield,18.579222,73.785973,New,Clothing,1491,1,Yes
CUST00940,Customer_940,26,Male,Bangalore,Whitefield,12.913995,77.582261,Returning,Electronics,4651,9,Yes
CUST00941,Customer_941,25,Female,Hyderabad,Dadar,17.421433,78.61587,Returning,Furniture,3902,12,No
CUST00942,Customer_942,56,Male,Delhi,Dadar,28.675883,77.133275,VIP,Furniture,2929,9,Yes
CUST00943,Customer_943,24,Female,Hyderabad,Thane,17.342831,78.374861,Returning,Fitness,1248,10,No
CUST00944,Customer_944,59,Female,Delhi,Whitefield,28.702763,77.020409,New,Electronics,1594,3,No
CUST00945,Customer_945,45,Male,Chennai,Bandra,13.122936,80.30817,New,Furniture,1486,2,Yes
CUST00946,Customer_946,46,Male,Bangalore,Dadar,12.947596,77.679249,New,Groceries,1344,5,No
CUST00947,Customer_947,58,Female,Mumbai,Borivali,19.020205,72.863223,VIP,Books,6993,18,Yes
CUST00948,Customer_948,18,Male,Chennai,Andheri,13.008316,80.263321,New,Clothing,839,2,No
CUST00949,Customer_949,49,Female,Pune,Dadar,18.50417,73.859368,Returning,Furniture,2703,8,Yes
CUST00950,Customer_950,47,Male,Hyderabad,Powai,17.30541,78.557507,New,Clothing,1288,5,No
CUST00951,Customer_951,26,Male,Bangalore,Thane,13.03018,77.605283,VIP,Fitness,4652,14,Yes
CUST00952,Customer_952,57,Male,Mumbai,Dadar,19.037657,72.902297,Returning,Clothing,1678,4,No
CUST00953,Customer_953,52,Female,Chennai,Thane,13.046094,80.315302,VIP,Groceries,8287,9,Yes
CUST00954,Customer_954,40,Female,Bangalore,Hinjewadi,12.873127,77.597332,New,Clothing,1962,5,Yes
CUST00955,Customer_955,54,Female,Chennai,Bandra,13.068495,80.293717,Returning,Fitness,1976,9,Yes
CUST00956,Customer_956,41,Female,Chennai,Whitefield,13.059647,80.194232,VIP,Books,2596,16,Yes
CUST00957,Customer_957,44,Female,Mumbai,Thane,18.995438,72.890122,New,Clothing,1546,1,No
CUST00958,Customer_958,54,Male,Bangalore,Bandra,12.955609,77.626179,Returning,Electronics,2924,11,No
CUST00959,Customer_959,21,Male,Delhi,Thane,28.728354,77.178152,Returning,Fitness,3262,9,No
CUST00960,Customer_960,59,Male,Bangalore,Dadar,13.034735,77.600734,New,Groceries,351,3,Yes
CUST00961,Customer_961,25,Female,Bangalore,Dadar,12.889175,77.543696,VIP,Furniture,7275,25,No
CUST00962,Customer_962,25,Male,Delhi,Powai,28.758628,77.081261,New,Clothing,1972,4,Yes
CUST00963,Customer_963,56,Female,Pune,Powai,18.464039,73.82438,Returning,Furniture,3138,11,Yes
CUST00964,Customer_964,34,Female,Pune,Powai,18.498182,73.914274,VIP,Groceries,8286,12,Yes
CUST00965,Customer_965,42,Male,Hyderabad,Andheri,17.404695,78.421161,VIP,Fitness,5116,23,Yes
CUST00966,Customer_966,45,Female,Chennai,Bandra,13.149143,80.22198,VIP,Electronics,7495,19,Yes
CUST00967,Customer_967,26,Male,Mumbai,Dadar,19.103134,72.874115,New,Clothing,1834,2,Yes
CUST00968,Customer_968,34,Female,Delhi,Powai,28.728988,77.04263,New,Groceries,887,5,No
CUST00969,Customer_969,55,Female,Pune,Andheri,18.513733,73.847561,Returning,Groceries,4059,12,Yes
CUST00970,Customer_970,39,Male,Delhi,Dadar,28.724951,77.137021,VIP,Furniture,3251,23,No
CUST00971,Customer_971,29,Female,Mumbai,Borivali,18.984973,72.85337,Returning,Groceries,1749,10,Yes
CUST00972,Customer_972,52,Male,Mumbai,Powai,19.096567,72.807935,Returning,Groceries,1948,12,Yes
CUST00973,Customer_973,45,Female,Chennai,Whitefield,13.03918,80.291711,New,Books,691,1,Yes
CUST00974,Customer_974,18,Male,Chennai,Andheri,13.10868,80.274298,VIP,Books,5235,9,Yes
CUST00975,Customer_975,40,Male,Pune,Bandra,18.524755,73.871848,Returning,Clothing,2858,3,No
CUST00976,Customer_976,20,Female,Delhi,Borivali,28.699812,77.105261,New,Electronics,237,3,No
CUST00977,Customer_977,33,Male,Pune,Dadar,18.537945,73.841577,New,Clothing,1727,5,Yes
CUST00978,Customer_978,38,Female,Chennai,Thane,13.094377,80.342498,New,Groceries,808,4,Yes
CUST00979,Customer_979,27,Female,Bangalore,Bandra,12.866902,77.633756,New,Clothing,672,5,No
CUST00980,Customer_980,45,Male,Delhi,Dadar,28.616139,77.0454,Returning,Clothing,4317,10,No
CUST00981,Customer_981,56,Female,Delhi,Thane,28.786298,77.075848,New,Clothing,847,5,Yes
CUST00982,Customer_982,18,Female,Hyderabad,Whitefield,17.394958,78.509366,Returning,Electronics,2562,5,No
CUST00983,Customer_983,49,Female,Chennai,Dadar,13.113894,80.196862,New,Groceries,1906,1,Yes
CUST00984,Customer_984,45,Female,Mumbai,Andheri,19.071687,72.844659,New,Clothing,1384,2,No
CUST00985,Customer_985,24,Male,Mumbai,Borivali,19.098306,72.884892,New,Electronics,843,5,Yes
CUST00986,Customer_986,44,Male,Bangalore,Bandra,13.035775,77.567712,VIP,Books,8619,21,Yes
CUST00987,Customer_987,21,Male,Delhi,Powai,28.718623,77.06622,Returning,Fitness,1016,4,No
CUST00988,Customer_988,19,Male,Hyderabad,Powai,17.409902,78.538044,Returning,Books,995,4,Yes
CUST00989,Customer_989,45,Female,Chennai,Hinjewadi,13.063953,80.174917,Returning,Electronics,3757,9,No
CUST00990,Customer_990,50,Female,Mumbai,Powai,19.088131,72.777395,Returning,Clothing,4546,12,Yes
CUST00991,Customer_991,50,Female,Bangalore,Whitefield,12.982194,77.573922,New,Clothing,811,3,No
CUST00992,Customer_992,18,Male,Chennai,Thane,13.097581,80.320197,Returning,Groceries,4033,5,No
CUST00993,Customer_993,58,Male,Chennai,Powai,13.035635,80.183341,Returning,Groceries,4856,8,No
CUST00994,Customer_994,28,Male,Bangalore,Thane,12.977018,77.689002,Returning,Books,4401,10,Yes
CUST00995,Customer_995,40,Female,Delhi,Borivali,28.647653,77.034197,New,Groceries,1714,2,No
CUST00996,Customer_996,27,Male,Pune,Powai,18.499469,73.812803,New,Electronics,1710,3,Yes
CUST00997,Customer_997,60,Female,Delhi,Borivali,28.713312,77.106014,VIP,Groceries,5251,16,Yes
CUST00998,Customer_998,28,Male,Chennai,Whitefield,13.01939,80.369183,VIP,Fitness,8901,8,No
CUST00999,Customer_999,42,Female,Delhi,Andheri,28.650287,77.096127,Returning,Groceries,1111,3,No
CUST01000,Customer_1000,48,Female,Bangalore,Whitefield,12.972973,77.621484,Returning,Clothing,3294,11,No
